#
# There is insufficient memory for the Java Runtime Environment to continue.
# Native memory allocation (malloc) failed to allocate 1876880 bytes for Chunk::new
# Possible reasons:
#   The system is out of physical RAM or swap space
#   The process is running with CompressedOops enabled, and the Java Heap may be blocking the growth of the native heap
# Possible solutions:
#   Reduce memory load on the system
#   Increase physical memory or swap space
#   Check if swap backing store is full
#   Decrease Java heap size (-Xmx/-Xms)
#   Decrease number of Java threads
#   Decrease Java thread stack sizes (-Xss)
#   Set larger code cache with -XX:ReservedCodeCacheSize=
#   JVM is running with Unscaled Compressed Oops mode in which the Java heap is
#     placed in the first 4GB address space. The Java Heap base address is the
#     maximum limit for the native heap growth. Please use -XX:HeapBaseMinAddress
#     to set the Java Heap base and to place the Java Heap above 4GB virtual address.
# This output file may be truncated or incomplete.
#
#  Out of Memory Error (arena.cpp:168), pid=17596, tid=18036
#
# JRE version: Java(TM) SE Runtime Environment (21.0.9+7) (build 21.0.9+7-LTS-338)
# Java VM: Java HotSpot(TM) 64-Bit Server VM (21.0.9+7-LTS-338, mixed mode, sharing, tiered, compressed oops, compressed class ptrs, g1 gc, windows-amd64)
# No core dump will be written. Minidumps are not enabled by default on client versions of Windows
#

---------------  S U M M A R Y ------------

Command Line: --add-opens=java.base/java.util=ALL-UNNAMED --add-opens=java.base/java.lang=ALL-UNNAMED --add-opens=java.base/java.lang.invoke=ALL-UNNAMED --add-opens=java.prefs/java.util.prefs=ALL-UNNAMED --add-opens=java.base/java.nio.charset=ALL-UNNAMED --add-opens=java.base/java.net=ALL-UNNAMED --add-opens=java.base/java.util.concurrent.atomic=ALL-UNNAMED -Xmx2048m -Dfile.encoding=UTF-8 -Duser.country=IN -Duser.language=en -Duser.variant -javaagent:C:\Users\9048i\.gradle\wrapper\dists\gradle-8.7-bin\bhs2wmbdwecv87pi65oeuq5iu\gradle-8.7\lib\agents\gradle-instrumentation-agent-8.7.jar org.gradle.launcher.daemon.bootstrap.GradleDaemon 8.7

Host: AMD Ryzen 7 6800H with Radeon Graphics         , 16 cores, 7G,  Windows 11 , 64 bit Build 26100 (10.0.26100.7705)
Time: Sat Feb 28 03:32:45 2026 India Standard Time elapsed time: 35.739800 seconds (0d 0h 0m 35s)

---------------  T H R E A D  ---------------

Current thread (0x0000019df9c602c0):  JavaThread "C2 CompilerThread1" daemon [_thread_in_native, id=18036, stack(0x0000000213e00000,0x0000000213f00000) (1024K)]


Current CompileTask:
C2:  35740 19968       4       org.gradle.internal.instantiation.generator.AbstractClassGenerator::inspectType (560 bytes)

Stack: [0x0000000213e00000,0x0000000213f00000]
Native frames: (J=compiled Java code, j=interpreted, Vv=VM code, C=native code)
V  [jvm.dll+0x6cbf89]
V  [jvm.dll+0x858421]
V  [jvm.dll+0x85a94e]
V  [jvm.dll+0x85b023]
V  [jvm.dll+0x27ebc6]
V  [jvm.dll+0xc4f4d]
V  [jvm.dll+0xc5483]
V  [jvm.dll+0x3b69fc]
V  [jvm.dll+0x1e0559]
V  [jvm.dll+0x247792]
V  [jvm.dll+0x246c1f]
V  [jvm.dll+0x1c7a3e]
V  [jvm.dll+0x256329]
V  [jvm.dll+0x2548ba]
V  [jvm.dll+0x3efdee]
V  [jvm.dll+0x80265b]
V  [jvm.dll+0x6ca66d]
C  [ucrtbase.dll+0x37b0]
C  [KERNEL32.DLL+0x2e8d7]
C  [ntdll.dll+0x8c40c]


---------------  P R O C E S S  ---------------

Threads class SMR info:
_java_thread_list=0x0000019dc607fb50, length=75, elements={
0x0000019dda521d10, 0x0000019df9c3efc0, 0x0000019df9c3fa20, 0x0000019df9c41b70,
0x0000019df9c43840, 0x0000019df9c447b0, 0x0000019df9c4f3e0, 0x0000019df9c5a2c0,
0x0000019df9c5f520, 0x0000019dfe2faf10, 0x0000019dfe2df550, 0x0000019dff8303a0,
0x0000019dff461510, 0x0000019dc145af60, 0x0000019dc112f290, 0x0000019dff8bf730,
0x0000019dff9869e0, 0x0000019dff987050, 0x0000019dc10b9400, 0x0000019dc10b8050,
0x0000019dc10b5f80, 0x0000019dc10b6ca0, 0x0000019dc10b8d70, 0x0000019dc10b7330,
0x0000019dc2858e90, 0x0000019dc2859bb0, 0x0000019dc285a240, 0x0000019dc2856dc0,
0x0000019dc285a8d0, 0x0000019dc285af60, 0x0000019dc2857ae0, 0x0000019dc285b5f0,
0x0000019dc2858170, 0x0000019dc285e3e0, 0x0000019dc2795d80, 0x0000019dc27949d0,
0x0000019dc2796410, 0x0000019dc2796aa0, 0x0000019dc2793cb0, 0x0000019dc279a5b0,
0x0000019dc5e37870, 0x0000019dc5e38590, 0x0000019dc5e392b0, 0x0000019dc5e38c20,
0x0000019dc5e35e30, 0x0000019dc5e39940, 0x0000019dc5e39fd0, 0x0000019dc5e3a660,
0x0000019dc16c59d0, 0x0000019dc16c3900, 0x0000019dc2126db0, 0x0000019dc285d6c0,
0x0000019dd32702a0, 0x0000019dd3271650, 0x0000019dd3270fc0, 0x0000019dd3271ce0,
0x0000019dd3272370, 0x0000019dd326fc10, 0x0000019dd3270930, 0x0000019dd3272a00,
0x0000019dd326f580, 0x0000019dd3275e80, 0x0000019dd3273720, 0x0000019dd3273db0,
0x0000019dd3274440, 0x0000019dd32757f0, 0x0000019dd3275160, 0x0000019dd3274ad0,
0x0000019dd3276510, 0x0000019dd3273090, 0x0000019dd36f7700, 0x0000019dd36fb210,
0x0000019dd36fed20, 0x0000019df9c602c0, 0x0000019dd64aa610
}

Java Threads: ( => current thread )
  0x0000019dda521d10 JavaThread "main"                              [_thread_blocked, id=26860, stack(0x0000000212a00000,0x0000000212b00000) (1024K)]
  0x0000019df9c3efc0 JavaThread "Reference Handler"          daemon [_thread_blocked, id=7104, stack(0x0000000213200000,0x0000000213300000) (1024K)]
  0x0000019df9c3fa20 JavaThread "Finalizer"                  daemon [_thread_blocked, id=15500, stack(0x0000000213300000,0x0000000213400000) (1024K)]
  0x0000019df9c41b70 JavaThread "Signal Dispatcher"          daemon [_thread_blocked, id=18280, stack(0x0000000213400000,0x0000000213500000) (1024K)]
  0x0000019df9c43840 JavaThread "Attach Listener"            daemon [_thread_blocked, id=32732, stack(0x0000000213500000,0x0000000213600000) (1024K)]
  0x0000019df9c447b0 JavaThread "Service Thread"             daemon [_thread_blocked, id=17896, stack(0x0000000213600000,0x0000000213700000) (1024K)]
  0x0000019df9c4f3e0 JavaThread "Monitor Deflation Thread"   daemon [_thread_blocked, id=15476, stack(0x0000000213700000,0x0000000213800000) (1024K)]
  0x0000019df9c5a2c0 JavaThread "C2 CompilerThread0"         daemon [_thread_in_native, id=15468, stack(0x0000000213800000,0x0000000213900000) (1024K)]
  0x0000019df9c5f520 JavaThread "C1 CompilerThread0"         daemon [_thread_blocked, id=30092, stack(0x0000000213900000,0x0000000213a00000) (1024K)]
  0x0000019dfe2faf10 JavaThread "Common-Cleaner"             daemon [_thread_blocked, id=14368, stack(0x0000000213c00000,0x0000000213d00000) (1024K)]
  0x0000019dfe2df550 JavaThread "Notification Thread"        daemon [_thread_blocked, id=23516, stack(0x0000000213d00000,0x0000000213e00000) (1024K)]
  0x0000019dff8303a0 JavaThread "Daemon health stats"               [_thread_blocked, id=17680, stack(0x0000000214500000,0x0000000214600000) (1024K)]
  0x0000019dff461510 JavaThread "Incoming local TCP Connector on port 59599"        [_thread_in_native, id=18668, stack(0x0000000214600000,0x0000000214700000) (1024K)]
  0x0000019dc145af60 JavaThread "Daemon periodic checks"            [_thread_blocked, id=11708, stack(0x0000000214700000,0x0000000214800000) (1024K)]
  0x0000019dc112f290 JavaThread "Daemon"                            [_thread_blocked, id=18092, stack(0x0000000214800000,0x0000000214900000) (1024K)]
  0x0000019dff8bf730 JavaThread "Handler for socket connection from /127.0.0.1:59599 to /127.0.0.1:59600"        [_thread_in_native, id=8288, stack(0x0000000214900000,0x0000000214a00000) (1024K)]
  0x0000019dff9869e0 JavaThread "Cancel handler"                    [_thread_blocked, id=27196, stack(0x0000000214a00000,0x0000000214b00000) (1024K)]
  0x0000019dff987050 JavaThread "Daemon worker"                     [_thread_in_Java, id=21180, stack(0x0000000214b00000,0x0000000214c00000) (1024K)]
  0x0000019dc10b9400 JavaThread "Asynchronous log dispatcher for DefaultDaemonConnection: socket connection from /127.0.0.1:59599 to /127.0.0.1:59600"        [_thread_blocked, id=31460, stack(0x0000000214c00000,0x0000000214d00000) (1024K)]
  0x0000019dc10b8050 JavaThread "Stdin handler"                     [_thread_blocked, id=30952, stack(0x0000000214d00000,0x0000000214e00000) (1024K)]
  0x0000019dc10b5f80 JavaThread "Daemon client event forwarder"        [_thread_blocked, id=24780, stack(0x0000000214e00000,0x0000000214f00000) (1024K)]
  0x0000019dc10b6ca0 JavaThread "Cache worker for journal cache (C:\Users\9048i\.gradle\caches\journal-1)"        [_thread_blocked, id=19816, stack(0x0000000214f00000,0x0000000215000000) (1024K)]
  0x0000019dc10b8d70 JavaThread "File lock request listener"        [_thread_in_native, id=468, stack(0x0000000215000000,0x0000000215100000) (1024K)]
  0x0000019dc10b7330 JavaThread "Cache worker for file hash cache (C:\Users\9048i\.gradle\caches\8.7\fileHashes)"        [_thread_blocked, id=30844, stack(0x0000000215100000,0x0000000215200000) (1024K)]
  0x0000019dc2858e90 JavaThread "Cache worker for file hash cache (C:\Users\9048i\AndroidStudioProjects\SUSAPP2\.gradle\8.7\fileHashes)"        [_thread_blocked, id=34184, stack(0x0000000215c00000,0x0000000215d00000) (1024K)]
  0x0000019dc2859bb0 JavaThread "File watcher server"        daemon [_thread_in_native, id=32060, stack(0x0000000215d00000,0x0000000215e00000) (1024K)]
  0x0000019dc285a240 JavaThread "File watcher consumer"      daemon [_thread_blocked, id=24420, stack(0x0000000215e00000,0x0000000215f00000) (1024K)]
  0x0000019dc2856dc0 JavaThread "jar transforms"                    [_thread_blocked, id=12912, stack(0x0000000215f00000,0x0000000216000000) (1024K)]
  0x0000019dc285a8d0 JavaThread "jar transforms Thread 2"           [_thread_blocked, id=32872, stack(0x0000000216000000,0x0000000216100000) (1024K)]
  0x0000019dc285af60 JavaThread "Cache worker for checksums cache (C:\Users\9048i\AndroidStudioProjects\SUSAPP2\.gradle\8.7\checksums)"        [_thread_blocked, id=24984, stack(0x0000000216100000,0x0000000216200000) (1024K)]
  0x0000019dc2857ae0 JavaThread "Cache worker for cache directory md-supplier (C:\Users\9048i\.gradle\caches\8.7\md-supplier)"        [_thread_blocked, id=31596, stack(0x0000000216200000,0x0000000216300000) (1024K)]
  0x0000019dc285b5f0 JavaThread "Cache worker for cache directory md-rule (C:\Users\9048i\.gradle\caches\8.7\md-rule)"        [_thread_blocked, id=13376, stack(0x0000000216300000,0x0000000216400000) (1024K)]
  0x0000019dc2858170 JavaThread "Cache worker for file content cache (C:\Users\9048i\.gradle\caches\8.7\fileContent)"        [_thread_blocked, id=20076, stack(0x0000000216400000,0x0000000216500000) (1024K)]
  0x0000019dc285e3e0 JavaThread "jar transforms Thread 3"           [_thread_blocked, id=35520, stack(0x0000000214400000,0x0000000214500000) (1024K)]
  0x0000019dc2795d80 JavaThread "jar transforms Thread 4"           [_thread_blocked, id=24116, stack(0x0000000216600000,0x0000000216700000) (1024K)]
  0x0000019dc27949d0 JavaThread "jar transforms Thread 5"           [_thread_blocked, id=34612, stack(0x0000000216700000,0x0000000216800000) (1024K)]
  0x0000019dc2796410 JavaThread "jar transforms Thread 6"           [_thread_blocked, id=36096, stack(0x0000000216800000,0x0000000216900000) (1024K)]
  0x0000019dc2796aa0 JavaThread "jar transforms Thread 7"           [_thread_blocked, id=15604, stack(0x0000000216900000,0x0000000216a00000) (1024K)]
  0x0000019dc2793cb0 JavaThread "jar transforms Thread 8"           [_thread_blocked, id=16280, stack(0x0000000216a00000,0x0000000216b00000) (1024K)]
  0x0000019dc279a5b0 JavaThread "Cache worker for Build Output Cleanup Cache (C:\Users\9048i\AndroidStudioProjects\SUSAPP2\.gradle\buildOutputCleanup)"        [_thread_blocked, id=36936, stack(0x0000000216500000,0x0000000216600000) (1024K)]
  0x0000019dc5e37870 JavaThread "Unconstrained build operations"        [_thread_blocked, id=37088, stack(0x0000000213b00000,0x0000000213c00000) (1024K)]
  0x0000019dc5e38590 JavaThread "Unconstrained build operations Thread 2"        [_thread_blocked, id=37092, stack(0x0000000216b00000,0x0000000216c00000) (1024K)]
  0x0000019dc5e392b0 JavaThread "Unconstrained build operations Thread 3"        [_thread_blocked, id=37096, stack(0x0000000216c00000,0x0000000216d00000) (1024K)]
  0x0000019dc5e38c20 JavaThread "Unconstrained build operations Thread 4"        [_thread_blocked, id=37100, stack(0x0000000216d00000,0x0000000216e00000) (1024K)]
  0x0000019dc5e35e30 JavaThread "Unconstrained build operations Thread 5"        [_thread_blocked, id=37104, stack(0x0000000216e00000,0x0000000216f00000) (1024K)]
  0x0000019dc5e39940 JavaThread "Unconstrained build operations Thread 6"        [_thread_blocked, id=37108, stack(0x0000000216f00000,0x0000000217000000) (1024K)]
  0x0000019dc5e39fd0 JavaThread "Unconstrained build operations Thread 7"        [_thread_blocked, id=37112, stack(0x0000000217000000,0x0000000217100000) (1024K)]
  0x0000019dc5e3a660 JavaThread "Unconstrained build operations Thread 8"        [_thread_blocked, id=37116, stack(0x0000000217100000,0x0000000217200000) (1024K)]
  0x0000019dc16c59d0 JavaThread "Unconstrained build operations Thread 9"        [_thread_blocked, id=37120, stack(0x0000000217200000,0x0000000217300000) (1024K)]
  0x0000019dc16c3900 JavaThread "Unconstrained build operations Thread 10"        [_thread_blocked, id=37124, stack(0x0000000217300000,0x0000000217400000) (1024K)]
  0x0000019dc2126db0 JavaThread "Unconstrained build operations Thread 11"        [_thread_blocked, id=37128, stack(0x0000000217400000,0x0000000217500000) (1024K)]
  0x0000019dc285d6c0 JavaThread "Unconstrained build operations Thread 12"        [_thread_blocked, id=37132, stack(0x0000000217500000,0x0000000217600000) (1024K)]
  0x0000019dd32702a0 JavaThread "Unconstrained build operations Thread 13"        [_thread_blocked, id=37136, stack(0x0000000217600000,0x0000000217700000) (1024K)]
  0x0000019dd3271650 JavaThread "Unconstrained build operations Thread 14"        [_thread_blocked, id=37140, stack(0x0000000217700000,0x0000000217800000) (1024K)]
  0x0000019dd3270fc0 JavaThread "Unconstrained build operations Thread 15"        [_thread_blocked, id=37144, stack(0x0000000217800000,0x0000000217900000) (1024K)]
  0x0000019dd3271ce0 JavaThread "Unconstrained build operations Thread 16"        [_thread_blocked, id=37152, stack(0x0000000217900000,0x0000000217a00000) (1024K)]
  0x0000019dd3272370 JavaThread "Unconstrained build operations Thread 17"        [_thread_blocked, id=37156, stack(0x0000000217a00000,0x0000000217b00000) (1024K)]
  0x0000019dd326fc10 JavaThread "Unconstrained build operations Thread 18"        [_thread_blocked, id=37160, stack(0x0000000217b00000,0x0000000217c00000) (1024K)]
  0x0000019dd3270930 JavaThread "Unconstrained build operations Thread 19"        [_thread_blocked, id=37164, stack(0x0000000217c00000,0x0000000217d00000) (1024K)]
  0x0000019dd3272a00 JavaThread "Unconstrained build operations Thread 20"        [_thread_blocked, id=37172, stack(0x0000000217d00000,0x0000000217e00000) (1024K)]
  0x0000019dd326f580 JavaThread "Unconstrained build operations Thread 21"        [_thread_blocked, id=37176, stack(0x0000000217e00000,0x0000000217f00000) (1024K)]
  0x0000019dd3275e80 JavaThread "Unconstrained build operations Thread 22"        [_thread_blocked, id=37180, stack(0x0000000217f00000,0x0000000218000000) (1024K)]
  0x0000019dd3273720 JavaThread "Unconstrained build operations Thread 23"        [_thread_blocked, id=37184, stack(0x0000000218000000,0x0000000218100000) (1024K)]
  0x0000019dd3273db0 JavaThread "Unconstrained build operations Thread 24"        [_thread_blocked, id=37188, stack(0x0000000218100000,0x0000000218200000) (1024K)]
  0x0000019dd3274440 JavaThread "Unconstrained build operations Thread 25"        [_thread_blocked, id=37192, stack(0x0000000218200000,0x0000000218300000) (1024K)]
  0x0000019dd32757f0 JavaThread "Unconstrained build operations Thread 26"        [_thread_blocked, id=37196, stack(0x0000000218300000,0x0000000218400000) (1024K)]
  0x0000019dd3275160 JavaThread "Unconstrained build operations Thread 27"        [_thread_blocked, id=37200, stack(0x0000000218400000,0x0000000218500000) (1024K)]
  0x0000019dd3274ad0 JavaThread "Unconstrained build operations Thread 28"        [_thread_blocked, id=37204, stack(0x0000000218500000,0x0000000218600000) (1024K)]
  0x0000019dd3276510 JavaThread "Unconstrained build operations Thread 29"        [_thread_blocked, id=37208, stack(0x0000000218600000,0x0000000218700000) (1024K)]
  0x0000019dd3273090 JavaThread "Unconstrained build operations Thread 30"        [_thread_blocked, id=37212, stack(0x0000000218700000,0x0000000218800000) (1024K)]
  0x0000019dd36f7700 JavaThread "Memory manager"                    [_thread_blocked, id=37688, stack(0x0000000218800000,0x0000000218900000) (1024K)]
  0x0000019dd36fb210 JavaThread "build event listener"              [_thread_blocked, id=16972, stack(0x0000000218900000,0x0000000218a00000) (1024K)]
  0x0000019dd36fed20 JavaThread "Kotlin DSL Writer"                 [_thread_blocked, id=18660, stack(0x0000000218a00000,0x0000000218b00000) (1024K)]
=>0x0000019df9c602c0 JavaThread "C2 CompilerThread1"         daemon [_thread_in_native, id=18036, stack(0x0000000213e00000,0x0000000213f00000) (1024K)]
  0x0000019dd64aa610 JavaThread "C1 CompilerThread1"         daemon [_thread_blocked, id=37572, stack(0x0000000213a00000,0x0000000213b00000) (1024K)]
Total: 75

Other Threads:
  0x0000019df9c22c50 VMThread "VM Thread"                           [id=5424, stack(0x0000000213100000,0x0000000213200000) (1024K)]
  0x0000019df9c0eef0 WatcherThread "VM Periodic Task Thread"        [id=18224, stack(0x0000000213000000,0x0000000213100000) (1024K)]
  0x0000019dda9d2c90 WorkerThread "GC Thread#0"                     [id=6924, stack(0x0000000212b00000,0x0000000212c00000) (1024K)]
  0x0000019dfec56a80 WorkerThread "GC Thread#1"                     [id=14964, stack(0x0000000214000000,0x0000000214100000) (1024K)]
  0x0000019dfee770e0 WorkerThread "GC Thread#2"                     [id=18072, stack(0x0000000214100000,0x0000000214200000) (1024K)]
  0x0000019dfee654b0 WorkerThread "GC Thread#3"                     [id=10484, stack(0x0000000214200000,0x0000000214300000) (1024K)]
  0x0000019dfee65860 WorkerThread "GC Thread#4"                     [id=25012, stack(0x0000000214300000,0x0000000214400000) (1024K)]
  0x0000019dff49e9a0 WorkerThread "GC Thread#5"                     [id=31000, stack(0x0000000215200000,0x0000000215300000) (1024K)]
  0x0000019dff4a0370 WorkerThread "GC Thread#6"                     [id=30552, stack(0x0000000215300000,0x0000000215400000) (1024K)]
  0x0000019dff49ed50 WorkerThread "GC Thread#7"                     [id=28676, stack(0x0000000215400000,0x0000000215500000) (1024K)]
  0x0000019dc187cf10 WorkerThread "GC Thread#8"                     [id=21408, stack(0x0000000215500000,0x0000000215600000) (1024K)]
  0x0000019dc187d2c0 WorkerThread "GC Thread#9"                     [id=22300, stack(0x0000000215600000,0x0000000215700000) (1024K)]
  0x0000019dc18802b0 WorkerThread "GC Thread#10"                    [id=36660, stack(0x0000000215700000,0x0000000215800000) (1024K)]
  0x0000019dc187f7a0 WorkerThread "GC Thread#11"                    [id=30480, stack(0x0000000215800000,0x0000000215900000) (1024K)]
  0x0000019dc187ddd0 WorkerThread "GC Thread#12"                    [id=32680, stack(0x0000000215900000,0x0000000215a00000) (1024K)]
  0x0000019dda9e4a10 ConcurrentGCThread "G1 Main Marker"            [id=32884, stack(0x0000000212c00000,0x0000000212d00000) (1024K)]
  0x0000019dda9e5430 WorkerThread "G1 Conc#0"                       [id=23936, stack(0x0000000212d00000,0x0000000212e00000) (1024K)]
  0x0000019dc187e180 WorkerThread "G1 Conc#1"                       [id=32276, stack(0x0000000215a00000,0x0000000215b00000) (1024K)]
  0x0000019dc187e530 WorkerThread "G1 Conc#2"                       [id=31104, stack(0x0000000215b00000,0x0000000215c00000) (1024K)]
  0x0000019df9ada4a0 ConcurrentGCThread "G1 Refine#0"               [id=24352, stack(0x0000000212e00000,0x0000000212f00000) (1024K)]
  0x0000019df9adbde0 ConcurrentGCThread "G1 Service"                [id=32036, stack(0x0000000212f00000,0x0000000213000000) (1024K)]
Total: 21

Threads with active compile tasks:
C2 CompilerThread0    36792 20008       4       java.util.zip.ZipEntry::setExtra0 (493 bytes)
C2 CompilerThread1    36792 19968       4       org.gradle.internal.instantiation.generator.AbstractClassGenerator::inspectType (560 bytes)
C1 CompilerThread1    36792 20080       3       java.lang.AbstractStringBuilder::appendChars (207 bytes)
Total: 3

VM state: not at safepoint (normal execution)

VM Mutex/Monitor currently owned by a thread: None

Heap address: 0x0000000080000000, size: 2048 MB, Compressed Oops mode: 32-bit

CDS archive(s) mapped at: [0x0000019d80000000-0x0000019d80c90000-0x0000019d80c90000), size 13172736, SharedBaseAddress: 0x0000019d80000000, ArchiveRelocationMode: 1.
Compressed class space mapped at: 0x0000019d81000000-0x0000019dc1000000, reserved size: 1073741824
Narrow klass base: 0x0000019d80000000, Narrow klass shift: 0, Narrow klass range: 0x100000000

GC Precious Log:
 CardTable entry size: 512
 Card Set container configuration: InlinePtr #cards 5 size 8 Array Of Cards #cards 12 size 40 Howl #buckets 4 coarsen threshold 1843 Howl Bitmap #cards 512 size 80 coarsen threshold 460 Card regions per heap region 1 cards per card region 2048
 CPUs: 16 total, 16 available
 Memory: 7365M
 Large Page Support: Disabled
 NUMA Support: Disabled
 Compressed Oops: Enabled (32-bit)
 Heap Region Size: 1M
 Heap Min Capacity: 8M
 Heap Initial Capacity: 116M
 Heap Max Capacity: 2G
 Pre-touch: Disabled
 Parallel Workers: 13
 Concurrent Workers: 3
 Concurrent Refinement Workers: 13
 Periodic GC: Disabled

Heap:
 garbage-first heap   total 319488K, used 193414K [0x0000000080000000, 0x0000000100000000)
  region size 1024K, 12 young (12288K), 4 survivors (4096K)
 Metaspace       used 148220K, committed 150784K, reserved 1245184K
  class space    used 18658K, committed 19968K, reserved 1048576K

Heap Regions: E=young(eden), S=young(survivor), O=old, HS=humongous(starts), HC=humongous(continues), CS=collection set, F=free, TAMS=top-at-mark-start, PB=parsable bottom
|   0|0x0000000080000000, 0x0000000080100000, 0x0000000080100000|100%|HS|  |TAMS 0x0000000080000000| PB 0x0000000080000000| Complete 
|   1|0x0000000080100000, 0x0000000080200000, 0x0000000080200000|100%|HC|  |TAMS 0x0000000080100000| PB 0x0000000080100000| Complete 
|   2|0x0000000080200000, 0x0000000080300000, 0x0000000080300000|100%|HC|  |TAMS 0x0000000080200000| PB 0x0000000080200000| Complete 
|   3|0x0000000080300000, 0x0000000080400000, 0x0000000080400000|100%|HC|  |TAMS 0x0000000080300000| PB 0x0000000080300000| Complete 
|   4|0x0000000080400000, 0x0000000080500000, 0x0000000080500000|100%| O|  |TAMS 0x0000000080400000| PB 0x0000000080400000| Untracked 
|   5|0x0000000080500000, 0x0000000080600000, 0x0000000080600000|100%| O|  |TAMS 0x0000000080500000| PB 0x0000000080500000| Untracked 
|   6|0x0000000080600000, 0x0000000080700000, 0x0000000080700000|100%| O|  |TAMS 0x0000000080600000| PB 0x0000000080600000| Untracked 
|   7|0x0000000080700000, 0x0000000080800000, 0x0000000080800000|100%| O|  |TAMS 0x0000000080700000| PB 0x0000000080700000| Untracked 
|   8|0x0000000080800000, 0x0000000080900000, 0x0000000080900000|100%| O|  |TAMS 0x0000000080800000| PB 0x0000000080800000| Untracked 
|   9|0x0000000080900000, 0x0000000080a00000, 0x0000000080a00000|100%| O|  |TAMS 0x0000000080900000| PB 0x0000000080900000| Untracked 
|  10|0x0000000080a00000, 0x0000000080b00000, 0x0000000080b00000|100%| O|  |TAMS 0x0000000080a00000| PB 0x0000000080a00000| Untracked 
|  11|0x0000000080b00000, 0x0000000080c00000, 0x0000000080c00000|100%| O|  |TAMS 0x0000000080b00000| PB 0x0000000080b00000| Untracked 
|  12|0x0000000080c00000, 0x0000000080d00000, 0x0000000080d00000|100%| O|  |TAMS 0x0000000080c00000| PB 0x0000000080c00000| Untracked 
|  13|0x0000000080d00000, 0x0000000080e00000, 0x0000000080e00000|100%| O|  |TAMS 0x0000000080d00000| PB 0x0000000080d00000| Untracked 
|  14|0x0000000080e00000, 0x0000000080f00000, 0x0000000080f00000|100%| O|  |TAMS 0x0000000080e00000| PB 0x0000000080e00000| Untracked 
|  15|0x0000000080f00000, 0x0000000081000000, 0x0000000081000000|100%| O|  |TAMS 0x0000000080f00000| PB 0x0000000080f00000| Untracked 
|  16|0x0000000081000000, 0x0000000081100000, 0x0000000081100000|100%| O|  |TAMS 0x0000000081000000| PB 0x0000000081000000| Untracked 
|  17|0x0000000081100000, 0x0000000081200000, 0x0000000081200000|100%| O|  |TAMS 0x0000000081100000| PB 0x0000000081100000| Untracked 
|  18|0x0000000081200000, 0x0000000081300000, 0x0000000081300000|100%| O|  |TAMS 0x0000000081200000| PB 0x0000000081200000| Untracked 
|  19|0x0000000081300000, 0x0000000081400000, 0x0000000081400000|100%| O|  |TAMS 0x0000000081300000| PB 0x0000000081300000| Untracked 
|  20|0x0000000081400000, 0x0000000081500000, 0x0000000081500000|100%| O|  |TAMS 0x0000000081400000| PB 0x0000000081400000| Untracked 
|  21|0x0000000081500000, 0x0000000081600000, 0x0000000081600000|100%| O|  |TAMS 0x0000000081500000| PB 0x0000000081500000| Untracked 
|  22|0x0000000081600000, 0x0000000081700000, 0x0000000081700000|100%| O|  |TAMS 0x0000000081600000| PB 0x0000000081600000| Untracked 
|  23|0x0000000081700000, 0x0000000081800000, 0x0000000081800000|100%| O|  |TAMS 0x0000000081700000| PB 0x0000000081700000| Untracked 
|  24|0x0000000081800000, 0x0000000081900000, 0x0000000081900000|100%| O|  |TAMS 0x0000000081800000| PB 0x0000000081800000| Untracked 
|  25|0x0000000081900000, 0x0000000081a00000, 0x0000000081a00000|100%| O|  |TAMS 0x0000000081900000| PB 0x0000000081900000| Untracked 
|  26|0x0000000081a00000, 0x0000000081b00000, 0x0000000081b00000|100%| O|  |TAMS 0x0000000081a00000| PB 0x0000000081a00000| Untracked 
|  27|0x0000000081b00000, 0x0000000081c00000, 0x0000000081c00000|100%| O|  |TAMS 0x0000000081b00000| PB 0x0000000081b00000| Untracked 
|  28|0x0000000081c00000, 0x0000000081d00000, 0x0000000081d00000|100%| O|  |TAMS 0x0000000081c00000| PB 0x0000000081c00000| Untracked 
|  29|0x0000000081d00000, 0x0000000081e00000, 0x0000000081e00000|100%| O|  |TAMS 0x0000000081d00000| PB 0x0000000081d00000| Untracked 
|  30|0x0000000081e00000, 0x0000000081f00000, 0x0000000081f00000|100%| O|  |TAMS 0x0000000081e00000| PB 0x0000000081e00000| Untracked 
|  31|0x0000000081f00000, 0x0000000082000000, 0x0000000082000000|100%| O|  |TAMS 0x0000000081f00000| PB 0x0000000081f00000| Untracked 
|  32|0x0000000082000000, 0x0000000082100000, 0x0000000082100000|100%| O|  |TAMS 0x0000000082000000| PB 0x0000000082000000| Untracked 
|  33|0x0000000082100000, 0x0000000082200000, 0x0000000082200000|100%| O|  |TAMS 0x0000000082100000| PB 0x0000000082100000| Untracked 
|  34|0x0000000082200000, 0x0000000082300000, 0x0000000082300000|100%| O|  |TAMS 0x0000000082200000| PB 0x0000000082200000| Untracked 
|  35|0x0000000082300000, 0x0000000082400000, 0x0000000082400000|100%|HS|  |TAMS 0x0000000082300000| PB 0x0000000082300000| Complete 
|  36|0x0000000082400000, 0x0000000082500000, 0x0000000082500000|100%| O|  |TAMS 0x0000000082400000| PB 0x0000000082400000| Untracked 
|  37|0x0000000082500000, 0x0000000082600000, 0x0000000082600000|100%| O|  |TAMS 0x0000000082500000| PB 0x0000000082500000| Untracked 
|  38|0x0000000082600000, 0x0000000082700000, 0x0000000082700000|100%| O|  |TAMS 0x0000000082600000| PB 0x0000000082600000| Untracked 
|  39|0x0000000082700000, 0x0000000082800000, 0x0000000082800000|100%| O|  |TAMS 0x0000000082700000| PB 0x0000000082700000| Untracked 
|  40|0x0000000082800000, 0x0000000082900000, 0x0000000082900000|100%| O|  |TAMS 0x0000000082800000| PB 0x0000000082800000| Untracked 
|  41|0x0000000082900000, 0x0000000082a00000, 0x0000000082a00000|100%| O|  |TAMS 0x0000000082900000| PB 0x0000000082900000| Untracked 
|  42|0x0000000082a00000, 0x0000000082b00000, 0x0000000082b00000|100%| O|  |TAMS 0x0000000082a00000| PB 0x0000000082a00000| Untracked 
|  43|0x0000000082b00000, 0x0000000082c00000, 0x0000000082c00000|100%| O|  |TAMS 0x0000000082b00000| PB 0x0000000082b00000| Untracked 
|  44|0x0000000082c00000, 0x0000000082d00000, 0x0000000082d00000|100%| O|  |TAMS 0x0000000082c00000| PB 0x0000000082c00000| Untracked 
|  45|0x0000000082d00000, 0x0000000082e00000, 0x0000000082e00000|100%| O|  |TAMS 0x0000000082d00000| PB 0x0000000082d00000| Untracked 
|  46|0x0000000082e00000, 0x0000000082f00000, 0x0000000082f00000|100%| O|  |TAMS 0x0000000082e00000| PB 0x0000000082e00000| Untracked 
|  47|0x0000000082f00000, 0x0000000083000000, 0x0000000083000000|100%| O|  |TAMS 0x0000000082f00000| PB 0x0000000082f00000| Untracked 
|  48|0x0000000083000000, 0x0000000083100000, 0x0000000083100000|100%| O|  |TAMS 0x0000000083000000| PB 0x0000000083000000| Untracked 
|  49|0x0000000083100000, 0x0000000083200000, 0x0000000083200000|100%| O|  |TAMS 0x0000000083100000| PB 0x0000000083100000| Untracked 
|  50|0x0000000083200000, 0x0000000083300000, 0x0000000083300000|100%| O|  |TAMS 0x0000000083200000| PB 0x0000000083200000| Untracked 
|  51|0x0000000083300000, 0x0000000083400000, 0x0000000083400000|100%| O|  |TAMS 0x0000000083300000| PB 0x0000000083300000| Untracked 
|  52|0x0000000083400000, 0x0000000083500000, 0x0000000083500000|100%| O|  |TAMS 0x0000000083400000| PB 0x0000000083400000| Untracked 
|  53|0x0000000083500000, 0x0000000083600000, 0x0000000083600000|100%| O|  |TAMS 0x0000000083500000| PB 0x0000000083500000| Untracked 
|  54|0x0000000083600000, 0x0000000083700000, 0x0000000083700000|100%| O|  |TAMS 0x0000000083600000| PB 0x0000000083600000| Untracked 
|  55|0x0000000083700000, 0x0000000083800000, 0x0000000083800000|100%|HS|  |TAMS 0x0000000083700000| PB 0x0000000083700000| Complete 
|  56|0x0000000083800000, 0x0000000083900000, 0x0000000083900000|100%|HC|  |TAMS 0x0000000083800000| PB 0x0000000083800000| Complete 
|  57|0x0000000083900000, 0x0000000083a00000, 0x0000000083a00000|100%|HC|  |TAMS 0x0000000083900000| PB 0x0000000083900000| Complete 
|  58|0x0000000083a00000, 0x0000000083b00000, 0x0000000083b00000|100%|HC|  |TAMS 0x0000000083a00000| PB 0x0000000083a00000| Complete 
|  59|0x0000000083b00000, 0x0000000083c00000, 0x0000000083c00000|100%|HC|  |TAMS 0x0000000083b00000| PB 0x0000000083b00000| Complete 
|  60|0x0000000083c00000, 0x0000000083d00000, 0x0000000083d00000|100%|HC|  |TAMS 0x0000000083c00000| PB 0x0000000083c00000| Complete 
|  61|0x0000000083d00000, 0x0000000083e00000, 0x0000000083e00000|100%| O|  |TAMS 0x0000000083d00000| PB 0x0000000083d00000| Untracked 
|  62|0x0000000083e00000, 0x0000000083f00000, 0x0000000083f00000|100%| O|  |TAMS 0x0000000083e00000| PB 0x0000000083e00000| Untracked 
|  63|0x0000000083f00000, 0x0000000084000000, 0x0000000084000000|100%| O|  |TAMS 0x0000000083f00000| PB 0x0000000083f00000| Untracked 
|  64|0x0000000084000000, 0x0000000084100000, 0x0000000084100000|100%| O|  |TAMS 0x0000000084000000| PB 0x0000000084000000| Untracked 
|  65|0x0000000084100000, 0x0000000084200000, 0x0000000084200000|100%| O|  |TAMS 0x0000000084100000| PB 0x0000000084100000| Untracked 
|  66|0x0000000084200000, 0x0000000084300000, 0x0000000084300000|100%| O|  |TAMS 0x0000000084200000| PB 0x0000000084200000| Untracked 
|  67|0x0000000084300000, 0x0000000084400000, 0x0000000084400000|100%| O|  |TAMS 0x0000000084300000| PB 0x0000000084300000| Untracked 
|  68|0x0000000084400000, 0x0000000084500000, 0x0000000084500000|100%| O|  |TAMS 0x0000000084400000| PB 0x0000000084400000| Untracked 
|  69|0x0000000084500000, 0x0000000084600000, 0x0000000084600000|100%| O|  |TAMS 0x0000000084500000| PB 0x0000000084500000| Untracked 
|  70|0x0000000084600000, 0x0000000084700000, 0x0000000084700000|100%| O|  |TAMS 0x0000000084600000| PB 0x0000000084600000| Untracked 
|  71|0x0000000084700000, 0x0000000084800000, 0x0000000084800000|100%| O|  |TAMS 0x0000000084700000| PB 0x0000000084700000| Untracked 
|  72|0x0000000084800000, 0x0000000084900000, 0x0000000084900000|100%| O|  |TAMS 0x0000000084800000| PB 0x0000000084800000| Untracked 
|  73|0x0000000084900000, 0x0000000084a00000, 0x0000000084a00000|100%| O|  |TAMS 0x0000000084900000| PB 0x0000000084900000| Untracked 
|  74|0x0000000084a00000, 0x0000000084b00000, 0x0000000084b00000|100%| O|  |TAMS 0x0000000084a00000| PB 0x0000000084a00000| Untracked 
|  75|0x0000000084b00000, 0x0000000084c00000, 0x0000000084c00000|100%| O|  |TAMS 0x0000000084b00000| PB 0x0000000084b00000| Untracked 
|  76|0x0000000084c00000, 0x0000000084d00000, 0x0000000084d00000|100%| O|  |TAMS 0x0000000084c00000| PB 0x0000000084c00000| Untracked 
|  77|0x0000000084d00000, 0x0000000084e00000, 0x0000000084e00000|100%| O|Cm|TAMS 0x0000000084d00000| PB 0x0000000084d00000| Complete 
|  78|0x0000000084e00000, 0x0000000084f00000, 0x0000000084f00000|100%| O|Cm|TAMS 0x0000000084e00000| PB 0x0000000084e00000| Complete 
|  79|0x0000000084f00000, 0x0000000085000000, 0x0000000085000000|100%| O|  |TAMS 0x0000000084f00000| PB 0x0000000084f00000| Untracked 
|  80|0x0000000085000000, 0x0000000085100000, 0x0000000085100000|100%| O|  |TAMS 0x0000000085000000| PB 0x0000000085000000| Untracked 
|  81|0x0000000085100000, 0x0000000085200000, 0x0000000085200000|100%| O|  |TAMS 0x0000000085100000| PB 0x0000000085100000| Untracked 
|  82|0x0000000085200000, 0x0000000085300000, 0x0000000085300000|100%| O|  |TAMS 0x0000000085200000| PB 0x0000000085200000| Untracked 
|  83|0x0000000085300000, 0x0000000085400000, 0x0000000085400000|100%| O|  |TAMS 0x0000000085300000| PB 0x0000000085300000| Untracked 
|  84|0x0000000085400000, 0x0000000085500000, 0x0000000085500000|100%| O|  |TAMS 0x0000000085400000| PB 0x0000000085400000| Untracked 
|  85|0x0000000085500000, 0x0000000085600000, 0x0000000085600000|100%| O|  |TAMS 0x0000000085500000| PB 0x0000000085500000| Untracked 
|  86|0x0000000085600000, 0x0000000085700000, 0x0000000085700000|100%| O|  |TAMS 0x0000000085600000| PB 0x0000000085600000| Untracked 
|  87|0x0000000085700000, 0x0000000085800000, 0x0000000085800000|100%| O|  |TAMS 0x0000000085700000| PB 0x0000000085700000| Untracked 
|  88|0x0000000085800000, 0x0000000085900000, 0x0000000085900000|100%| O|  |TAMS 0x0000000085800000| PB 0x0000000085800000| Untracked 
|  89|0x0000000085900000, 0x0000000085a00000, 0x0000000085a00000|100%| O|  |TAMS 0x0000000085900000| PB 0x0000000085900000| Untracked 
|  90|0x0000000085a00000, 0x0000000085b00000, 0x0000000085b00000|100%| O|Cm|TAMS 0x0000000085a00000| PB 0x0000000085a00000| Complete 
|  91|0x0000000085b00000, 0x0000000085c00000, 0x0000000085c00000|100%| O|  |TAMS 0x0000000085b00000| PB 0x0000000085b00000| Untracked 
|  92|0x0000000085c00000, 0x0000000085d00000, 0x0000000085d00000|100%|HS|  |TAMS 0x0000000085c00000| PB 0x0000000085c00000| Complete 
|  93|0x0000000085d00000, 0x0000000085e00000, 0x0000000085e00000|100%|HS|  |TAMS 0x0000000085d00000| PB 0x0000000085d00000| Complete 
|  94|0x0000000085e00000, 0x0000000085f00000, 0x0000000085f00000|100%| O|  |TAMS 0x0000000085e00000| PB 0x0000000085e00000| Untracked 
|  95|0x0000000085f00000, 0x0000000086000000, 0x0000000086000000|100%|HS|  |TAMS 0x0000000085f00000| PB 0x0000000085f00000| Complete 
|  96|0x0000000086000000, 0x0000000086100000, 0x0000000086100000|100%|HS|  |TAMS 0x0000000086000000| PB 0x0000000086000000| Complete 
|  97|0x0000000086100000, 0x0000000086200000, 0x0000000086200000|100%|HS|  |TAMS 0x0000000086100000| PB 0x0000000086100000| Complete 
|  98|0x0000000086200000, 0x0000000086300000, 0x0000000086300000|100%| O|  |TAMS 0x0000000086200000| PB 0x0000000086200000| Untracked 
|  99|0x0000000086300000, 0x0000000086400000, 0x0000000086400000|100%| O|  |TAMS 0x0000000086300000| PB 0x0000000086300000| Untracked 
| 100|0x0000000086400000, 0x0000000086500000, 0x0000000086500000|100%| O|  |TAMS 0x0000000086400000| PB 0x0000000086400000| Untracked 
| 101|0x0000000086500000, 0x0000000086600000, 0x0000000086600000|100%| O|  |TAMS 0x0000000086500000| PB 0x0000000086500000| Untracked 
| 102|0x0000000086600000, 0x0000000086700000, 0x0000000086700000|100%| O|  |TAMS 0x0000000086600000| PB 0x0000000086600000| Untracked 
| 103|0x0000000086700000, 0x0000000086800000, 0x0000000086800000|100%| O|  |TAMS 0x0000000086700000| PB 0x0000000086700000| Untracked 
| 104|0x0000000086800000, 0x0000000086900000, 0x0000000086900000|100%|HS|  |TAMS 0x0000000086800000| PB 0x0000000086800000| Complete 
| 105|0x0000000086900000, 0x0000000086a00000, 0x0000000086a00000|100%|HC|  |TAMS 0x0000000086900000| PB 0x0000000086900000| Complete 
| 106|0x0000000086a00000, 0x0000000086b00000, 0x0000000086b00000|100%|HS|  |TAMS 0x0000000086a00000| PB 0x0000000086a00000| Complete 
| 107|0x0000000086b00000, 0x0000000086c00000, 0x0000000086c00000|100%|HC|  |TAMS 0x0000000086b00000| PB 0x0000000086b00000| Complete 
| 108|0x0000000086c00000, 0x0000000086d00000, 0x0000000086d00000|100%|HC|  |TAMS 0x0000000086c00000| PB 0x0000000086c00000| Complete 
| 109|0x0000000086d00000, 0x0000000086e00000, 0x0000000086e00000|100%|HC|  |TAMS 0x0000000086d00000| PB 0x0000000086d00000| Complete 
| 110|0x0000000086e00000, 0x0000000086f00000, 0x0000000086f00000|100%| O|  |TAMS 0x0000000086e00000| PB 0x0000000086e00000| Untracked 
| 111|0x0000000086f00000, 0x0000000087000000, 0x0000000087000000|100%| O|  |TAMS 0x0000000086f00000| PB 0x0000000086f00000| Untracked 
| 112|0x0000000087000000, 0x0000000087100000, 0x0000000087100000|100%| O|  |TAMS 0x0000000087000000| PB 0x0000000087000000| Untracked 
| 113|0x0000000087100000, 0x0000000087200000, 0x0000000087200000|100%|HS|  |TAMS 0x0000000087100000| PB 0x0000000087100000| Complete 
| 114|0x0000000087200000, 0x0000000087300000, 0x0000000087300000|100%|HC|  |TAMS 0x0000000087200000| PB 0x0000000087200000| Complete 
| 115|0x0000000087300000, 0x0000000087400000, 0x0000000087400000|100%|HS|  |TAMS 0x0000000087300000| PB 0x0000000087300000| Complete 
| 116|0x0000000087400000, 0x0000000087500000, 0x0000000087500000|100%| O|  |TAMS 0x0000000087400000| PB 0x0000000087400000| Untracked 
| 117|0x0000000087500000, 0x0000000087600000, 0x0000000087600000|100%| O|  |TAMS 0x0000000087500000| PB 0x0000000087500000| Untracked 
| 118|0x0000000087600000, 0x0000000087700000, 0x0000000087700000|100%| O|  |TAMS 0x0000000087600000| PB 0x0000000087600000| Untracked 
| 119|0x0000000087700000, 0x0000000087800000, 0x0000000087800000|100%|HS|  |TAMS 0x0000000087700000| PB 0x0000000087700000| Complete 
| 120|0x0000000087800000, 0x0000000087900000, 0x0000000087900000|100%|HC|  |TAMS 0x0000000087800000| PB 0x0000000087800000| Complete 
| 121|0x0000000087900000, 0x0000000087a00000, 0x0000000087a00000|100%|HC|  |TAMS 0x0000000087900000| PB 0x0000000087900000| Complete 
| 122|0x0000000087a00000, 0x0000000087b00000, 0x0000000087b00000|100%|HC|  |TAMS 0x0000000087a00000| PB 0x0000000087a00000| Complete 
| 123|0x0000000087b00000, 0x0000000087c00000, 0x0000000087c00000|100%| O|  |TAMS 0x0000000087b00000| PB 0x0000000087b00000| Untracked 
| 124|0x0000000087c00000, 0x0000000087d00000, 0x0000000087d00000|100%|HS|  |TAMS 0x0000000087c00000| PB 0x0000000087c00000| Complete 
| 125|0x0000000087d00000, 0x0000000087e00000, 0x0000000087e00000|100%| O|Cm|TAMS 0x0000000087d00000| PB 0x0000000087d00000| Complete 
| 126|0x0000000087e00000, 0x0000000087f00000, 0x0000000087f00000|100%| O|  |TAMS 0x0000000087e00000| PB 0x0000000087e00000| Untracked 
| 127|0x0000000087f00000, 0x0000000088000000, 0x0000000088000000|100%| O|Cm|TAMS 0x0000000087f00000| PB 0x0000000087f00000| Complete 
| 128|0x0000000088000000, 0x0000000088100000, 0x0000000088100000|100%| O|  |TAMS 0x0000000088000000| PB 0x0000000088000000| Untracked 
| 129|0x0000000088100000, 0x0000000088200000, 0x0000000088200000|100%| O|  |TAMS 0x0000000088100000| PB 0x0000000088100000| Untracked 
| 130|0x0000000088200000, 0x0000000088300000, 0x0000000088300000|100%| O|Cm|TAMS 0x0000000088200000| PB 0x0000000088200000| Complete 
| 131|0x0000000088300000, 0x0000000088400000, 0x0000000088400000|100%| O|  |TAMS 0x0000000088300000| PB 0x0000000088300000| Untracked 
| 132|0x0000000088400000, 0x0000000088500000, 0x0000000088500000|100%| O|  |TAMS 0x0000000088400000| PB 0x0000000088400000| Untracked 
| 133|0x0000000088500000, 0x0000000088600000, 0x0000000088600000|100%| O|  |TAMS 0x0000000088500000| PB 0x0000000088500000| Untracked 
| 134|0x0000000088600000, 0x0000000088700000, 0x0000000088700000|100%| O|  |TAMS 0x0000000088600000| PB 0x0000000088600000| Untracked 
| 135|0x0000000088700000, 0x0000000088800000, 0x0000000088800000|100%| O|  |TAMS 0x0000000088700000| PB 0x0000000088700000| Untracked 
| 136|0x0000000088800000, 0x0000000088900000, 0x0000000088900000|100%| O|  |TAMS 0x0000000088800000| PB 0x0000000088800000| Untracked 
| 137|0x0000000088900000, 0x0000000088a00000, 0x0000000088a00000|100%| O|  |TAMS 0x0000000088900000| PB 0x0000000088900000| Untracked 
| 138|0x0000000088a00000, 0x0000000088b00000, 0x0000000088b00000|100%| O|  |TAMS 0x0000000088a00000| PB 0x0000000088a00000| Untracked 
| 139|0x0000000088b00000, 0x0000000088c00000, 0x0000000088c00000|100%| O|  |TAMS 0x0000000088b00000| PB 0x0000000088b00000| Untracked 
| 140|0x0000000088c00000, 0x0000000088d00000, 0x0000000088d00000|100%| O|  |TAMS 0x0000000088c00000| PB 0x0000000088c00000| Untracked 
| 141|0x0000000088d00000, 0x0000000088e00000, 0x0000000088e00000|100%| O|  |TAMS 0x0000000088d00000| PB 0x0000000088d00000| Untracked 
| 142|0x0000000088e00000, 0x0000000088f00000, 0x0000000088f00000|100%| O|  |TAMS 0x0000000088e00000| PB 0x0000000088e00000| Untracked 
| 143|0x0000000088f00000, 0x0000000089000000, 0x0000000089000000|100%| O|  |TAMS 0x0000000088f00000| PB 0x0000000088f00000| Untracked 
| 144|0x0000000089000000, 0x0000000089100000, 0x0000000089100000|100%| O|  |TAMS 0x0000000089000000| PB 0x0000000089000000| Untracked 
| 145|0x0000000089100000, 0x0000000089200000, 0x0000000089200000|100%| O|  |TAMS 0x0000000089100000| PB 0x0000000089100000| Untracked 
| 146|0x0000000089200000, 0x0000000089300000, 0x0000000089300000|100%| O|  |TAMS 0x0000000089200000| PB 0x0000000089200000| Untracked 
| 147|0x0000000089300000, 0x0000000089400000, 0x0000000089400000|100%| O|  |TAMS 0x0000000089300000| PB 0x0000000089300000| Untracked 
| 148|0x0000000089400000, 0x0000000089500000, 0x0000000089500000|100%| O|  |TAMS 0x0000000089400000| PB 0x0000000089400000| Untracked 
| 149|0x0000000089500000, 0x0000000089600000, 0x0000000089600000|100%| O|  |TAMS 0x0000000089500000| PB 0x0000000089500000| Untracked 
| 150|0x0000000089600000, 0x0000000089700000, 0x0000000089700000|100%| O|  |TAMS 0x0000000089600000| PB 0x0000000089600000| Untracked 
| 151|0x0000000089700000, 0x0000000089800000, 0x0000000089800000|100%| O|  |TAMS 0x0000000089700000| PB 0x0000000089700000| Untracked 
| 152|0x0000000089800000, 0x0000000089900000, 0x0000000089900000|100%| O|  |TAMS 0x0000000089800000| PB 0x0000000089800000| Untracked 
| 153|0x0000000089900000, 0x0000000089a00000, 0x0000000089a00000|100%| O|  |TAMS 0x0000000089900000| PB 0x0000000089900000| Untracked 
| 154|0x0000000089a00000, 0x0000000089b00000, 0x0000000089b00000|100%| O|  |TAMS 0x0000000089a00000| PB 0x0000000089a00000| Untracked 
| 155|0x0000000089b00000, 0x0000000089bec518, 0x0000000089c00000| 92%| O|  |TAMS 0x0000000089b00000| PB 0x0000000089b00000| Untracked 
| 156|0x0000000089c00000, 0x0000000089d00000, 0x0000000089d00000|100%|HS|  |TAMS 0x0000000089c00000| PB 0x0000000089c00000| Complete 
| 157|0x0000000089d00000, 0x0000000089d00000, 0x0000000089e00000|  0%| F|  |TAMS 0x0000000089d00000| PB 0x0000000089d00000| Untracked 
| 158|0x0000000089e00000, 0x0000000089e00000, 0x0000000089f00000|  0%| F|  |TAMS 0x0000000089e00000| PB 0x0000000089e00000| Untracked 
| 159|0x0000000089f00000, 0x0000000089f00000, 0x000000008a000000|  0%| F|  |TAMS 0x0000000089f00000| PB 0x0000000089f00000| Untracked 
| 160|0x000000008a000000, 0x000000008a000000, 0x000000008a100000|  0%| F|  |TAMS 0x000000008a000000| PB 0x000000008a000000| Untracked 
| 161|0x000000008a100000, 0x000000008a100000, 0x000000008a200000|  0%| F|  |TAMS 0x000000008a100000| PB 0x000000008a100000| Untracked 
| 162|0x000000008a200000, 0x000000008a200000, 0x000000008a300000|  0%| F|  |TAMS 0x000000008a200000| PB 0x000000008a200000| Untracked 
| 163|0x000000008a300000, 0x000000008a400000, 0x000000008a400000|100%| O|  |TAMS 0x000000008a300000| PB 0x000000008a300000| Untracked 
| 164|0x000000008a400000, 0x000000008a500000, 0x000000008a500000|100%| O|  |TAMS 0x000000008a400000| PB 0x000000008a400000| Untracked 
| 165|0x000000008a500000, 0x000000008a500000, 0x000000008a600000|  0%| F|  |TAMS 0x000000008a500000| PB 0x000000008a500000| Untracked 
| 166|0x000000008a600000, 0x000000008a600000, 0x000000008a700000|  0%| F|  |TAMS 0x000000008a600000| PB 0x000000008a600000| Untracked 
| 167|0x000000008a700000, 0x000000008a700000, 0x000000008a800000|  0%| F|  |TAMS 0x000000008a700000| PB 0x000000008a700000| Untracked 
| 168|0x000000008a800000, 0x000000008a800000, 0x000000008a900000|  0%| F|  |TAMS 0x000000008a800000| PB 0x000000008a800000| Untracked 
| 169|0x000000008a900000, 0x000000008a900000, 0x000000008aa00000|  0%| F|  |TAMS 0x000000008a900000| PB 0x000000008a900000| Untracked 
| 170|0x000000008aa00000, 0x000000008aa00000, 0x000000008ab00000|  0%| F|  |TAMS 0x000000008aa00000| PB 0x000000008aa00000| Untracked 
| 171|0x000000008ab00000, 0x000000008ab00000, 0x000000008ac00000|  0%| F|  |TAMS 0x000000008ab00000| PB 0x000000008ab00000| Untracked 
| 172|0x000000008ac00000, 0x000000008ac00000, 0x000000008ad00000|  0%| F|  |TAMS 0x000000008ac00000| PB 0x000000008ac00000| Untracked 
| 173|0x000000008ad00000, 0x000000008ad00000, 0x000000008ae00000|  0%| F|  |TAMS 0x000000008ad00000| PB 0x000000008ad00000| Untracked 
| 174|0x000000008ae00000, 0x000000008ae00000, 0x000000008af00000|  0%| F|  |TAMS 0x000000008ae00000| PB 0x000000008ae00000| Untracked 
| 175|0x000000008af00000, 0x000000008af00000, 0x000000008b000000|  0%| F|  |TAMS 0x000000008af00000| PB 0x000000008af00000| Untracked 
| 176|0x000000008b000000, 0x000000008b000000, 0x000000008b100000|  0%| F|  |TAMS 0x000000008b000000| PB 0x000000008b000000| Untracked 
| 177|0x000000008b100000, 0x000000008b100000, 0x000000008b200000|  0%| F|  |TAMS 0x000000008b100000| PB 0x000000008b100000| Untracked 
| 178|0x000000008b200000, 0x000000008b200000, 0x000000008b300000|  0%| F|  |TAMS 0x000000008b200000| PB 0x000000008b200000| Untracked 
| 179|0x000000008b300000, 0x000000008b300000, 0x000000008b400000|  0%| F|  |TAMS 0x000000008b300000| PB 0x000000008b300000| Untracked 
| 180|0x000000008b400000, 0x000000008b400000, 0x000000008b500000|  0%| F|  |TAMS 0x000000008b400000| PB 0x000000008b400000| Untracked 
| 181|0x000000008b500000, 0x000000008b500000, 0x000000008b600000|  0%| F|  |TAMS 0x000000008b500000| PB 0x000000008b500000| Untracked 
| 182|0x000000008b600000, 0x000000008b600000, 0x000000008b700000|  0%| F|  |TAMS 0x000000008b600000| PB 0x000000008b600000| Untracked 
| 183|0x000000008b700000, 0x000000008b700000, 0x000000008b800000|  0%| F|  |TAMS 0x000000008b700000| PB 0x000000008b700000| Untracked 
| 184|0x000000008b800000, 0x000000008b800000, 0x000000008b900000|  0%| F|  |TAMS 0x000000008b800000| PB 0x000000008b800000| Untracked 
| 185|0x000000008b900000, 0x000000008b900000, 0x000000008ba00000|  0%| F|  |TAMS 0x000000008b900000| PB 0x000000008b900000| Untracked 
| 186|0x000000008ba00000, 0x000000008ba00000, 0x000000008bb00000|  0%| F|  |TAMS 0x000000008ba00000| PB 0x000000008ba00000| Untracked 
| 187|0x000000008bb00000, 0x000000008bb00000, 0x000000008bc00000|  0%| F|  |TAMS 0x000000008bb00000| PB 0x000000008bb00000| Untracked 
| 188|0x000000008bc00000, 0x000000008bc00000, 0x000000008bd00000|  0%| F|  |TAMS 0x000000008bc00000| PB 0x000000008bc00000| Untracked 
| 189|0x000000008bd00000, 0x000000008bd00000, 0x000000008be00000|  0%| F|  |TAMS 0x000000008bd00000| PB 0x000000008bd00000| Untracked 
| 190|0x000000008be00000, 0x000000008be00000, 0x000000008bf00000|  0%| F|  |TAMS 0x000000008be00000| PB 0x000000008be00000| Untracked 
| 191|0x000000008bf00000, 0x000000008bf00000, 0x000000008c000000|  0%| F|  |TAMS 0x000000008bf00000| PB 0x000000008bf00000| Untracked 
| 192|0x000000008c000000, 0x000000008c000000, 0x000000008c100000|  0%| F|  |TAMS 0x000000008c000000| PB 0x000000008c000000| Untracked 
| 193|0x000000008c100000, 0x000000008c100000, 0x000000008c200000|  0%| F|  |TAMS 0x000000008c100000| PB 0x000000008c100000| Untracked 
| 194|0x000000008c200000, 0x000000008c200000, 0x000000008c300000|  0%| F|  |TAMS 0x000000008c200000| PB 0x000000008c200000| Untracked 
| 195|0x000000008c300000, 0x000000008c300000, 0x000000008c400000|  0%| F|  |TAMS 0x000000008c300000| PB 0x000000008c300000| Untracked 
| 196|0x000000008c400000, 0x000000008c400000, 0x000000008c500000|  0%| F|  |TAMS 0x000000008c400000| PB 0x000000008c400000| Untracked 
| 197|0x000000008c500000, 0x000000008c500000, 0x000000008c600000|  0%| F|  |TAMS 0x000000008c500000| PB 0x000000008c500000| Untracked 
| 198|0x000000008c600000, 0x000000008c600000, 0x000000008c700000|  0%| F|  |TAMS 0x000000008c600000| PB 0x000000008c600000| Untracked 
| 199|0x000000008c700000, 0x000000008c700000, 0x000000008c800000|  0%| F|  |TAMS 0x000000008c700000| PB 0x000000008c700000| Untracked 
| 200|0x000000008c800000, 0x000000008c800000, 0x000000008c900000|  0%| F|  |TAMS 0x000000008c800000| PB 0x000000008c800000| Untracked 
| 201|0x000000008c900000, 0x000000008c900000, 0x000000008ca00000|  0%| F|  |TAMS 0x000000008c900000| PB 0x000000008c900000| Untracked 
| 202|0x000000008ca00000, 0x000000008ca00000, 0x000000008cb00000|  0%| F|  |TAMS 0x000000008ca00000| PB 0x000000008ca00000| Untracked 
| 203|0x000000008cb00000, 0x000000008cbf5640, 0x000000008cc00000| 95%| S|CS|TAMS 0x000000008cb00000| PB 0x000000008cb00000| Complete 
| 204|0x000000008cc00000, 0x000000008cd00000, 0x000000008cd00000|100%| S|CS|TAMS 0x000000008cc00000| PB 0x000000008cc00000| Complete 
| 205|0x000000008cd00000, 0x000000008ce00000, 0x000000008ce00000|100%| S|CS|TAMS 0x000000008cd00000| PB 0x000000008cd00000| Complete 
| 206|0x000000008ce00000, 0x000000008cf00000, 0x000000008cf00000|100%| S|CS|TAMS 0x000000008ce00000| PB 0x000000008ce00000| Complete 
| 207|0x000000008cf00000, 0x000000008cf00000, 0x000000008d000000|  0%| F|  |TAMS 0x000000008cf00000| PB 0x000000008cf00000| Untracked 
| 208|0x000000008d000000, 0x000000008d000000, 0x000000008d100000|  0%| F|  |TAMS 0x000000008d000000| PB 0x000000008d000000| Untracked 
| 209|0x000000008d100000, 0x000000008d100000, 0x000000008d200000|  0%| F|  |TAMS 0x000000008d100000| PB 0x000000008d100000| Untracked 
| 210|0x000000008d200000, 0x000000008d200000, 0x000000008d300000|  0%| F|  |TAMS 0x000000008d200000| PB 0x000000008d200000| Untracked 
| 211|0x000000008d300000, 0x000000008d300000, 0x000000008d400000|  0%| F|  |TAMS 0x000000008d300000| PB 0x000000008d300000| Untracked 
| 212|0x000000008d400000, 0x000000008d400000, 0x000000008d500000|  0%| F|  |TAMS 0x000000008d400000| PB 0x000000008d400000| Untracked 
| 213|0x000000008d500000, 0x000000008d500000, 0x000000008d600000|  0%| F|  |TAMS 0x000000008d500000| PB 0x000000008d500000| Untracked 
| 214|0x000000008d600000, 0x000000008d600000, 0x000000008d700000|  0%| F|  |TAMS 0x000000008d600000| PB 0x000000008d600000| Untracked 
| 215|0x000000008d700000, 0x000000008d700000, 0x000000008d800000|  0%| F|  |TAMS 0x000000008d700000| PB 0x000000008d700000| Untracked 
| 216|0x000000008d800000, 0x000000008d800000, 0x000000008d900000|  0%| F|  |TAMS 0x000000008d800000| PB 0x000000008d800000| Untracked 
| 217|0x000000008d900000, 0x000000008d900000, 0x000000008da00000|  0%| F|  |TAMS 0x000000008d900000| PB 0x000000008d900000| Untracked 
| 218|0x000000008da00000, 0x000000008da00000, 0x000000008db00000|  0%| F|  |TAMS 0x000000008da00000| PB 0x000000008da00000| Untracked 
| 219|0x000000008db00000, 0x000000008db00000, 0x000000008dc00000|  0%| F|  |TAMS 0x000000008db00000| PB 0x000000008db00000| Untracked 
| 220|0x000000008dc00000, 0x000000008dc00000, 0x000000008dd00000|  0%| F|  |TAMS 0x000000008dc00000| PB 0x000000008dc00000| Untracked 
| 221|0x000000008dd00000, 0x000000008dd00000, 0x000000008de00000|  0%| F|  |TAMS 0x000000008dd00000| PB 0x000000008dd00000| Untracked 
| 222|0x000000008de00000, 0x000000008de00000, 0x000000008df00000|  0%| F|  |TAMS 0x000000008de00000| PB 0x000000008de00000| Untracked 
| 223|0x000000008df00000, 0x000000008df00000, 0x000000008e000000|  0%| F|  |TAMS 0x000000008df00000| PB 0x000000008df00000| Untracked 
| 224|0x000000008e000000, 0x000000008e000000, 0x000000008e100000|  0%| F|  |TAMS 0x000000008e000000| PB 0x000000008e000000| Untracked 
| 225|0x000000008e100000, 0x000000008e100000, 0x000000008e200000|  0%| F|  |TAMS 0x000000008e100000| PB 0x000000008e100000| Untracked 
| 226|0x000000008e200000, 0x000000008e200000, 0x000000008e300000|  0%| F|  |TAMS 0x000000008e200000| PB 0x000000008e200000| Untracked 
| 227|0x000000008e300000, 0x000000008e300000, 0x000000008e400000|  0%| F|  |TAMS 0x000000008e300000| PB 0x000000008e300000| Untracked 
| 228|0x000000008e400000, 0x000000008e400000, 0x000000008e500000|  0%| F|  |TAMS 0x000000008e400000| PB 0x000000008e400000| Untracked 
| 229|0x000000008e500000, 0x000000008e500000, 0x000000008e600000|  0%| F|  |TAMS 0x000000008e500000| PB 0x000000008e500000| Untracked 
| 230|0x000000008e600000, 0x000000008e600000, 0x000000008e700000|  0%| F|  |TAMS 0x000000008e600000| PB 0x000000008e600000| Untracked 
| 231|0x000000008e700000, 0x000000008e700000, 0x000000008e800000|  0%| F|  |TAMS 0x000000008e700000| PB 0x000000008e700000| Untracked 
| 232|0x000000008e800000, 0x000000008e800000, 0x000000008e900000|  0%| F|  |TAMS 0x000000008e800000| PB 0x000000008e800000| Untracked 
| 233|0x000000008e900000, 0x000000008e900000, 0x000000008ea00000|  0%| F|  |TAMS 0x000000008e900000| PB 0x000000008e900000| Untracked 
| 234|0x000000008ea00000, 0x000000008ea00000, 0x000000008eb00000|  0%| F|  |TAMS 0x000000008ea00000| PB 0x000000008ea00000| Untracked 
| 235|0x000000008eb00000, 0x000000008eb00000, 0x000000008ec00000|  0%| F|  |TAMS 0x000000008eb00000| PB 0x000000008eb00000| Untracked 
| 236|0x000000008ec00000, 0x000000008ec00000, 0x000000008ed00000|  0%| F|  |TAMS 0x000000008ec00000| PB 0x000000008ec00000| Untracked 
| 237|0x000000008ed00000, 0x000000008ed00000, 0x000000008ee00000|  0%| F|  |TAMS 0x000000008ed00000| PB 0x000000008ed00000| Untracked 
| 238|0x000000008ee00000, 0x000000008ee00000, 0x000000008ef00000|  0%| F|  |TAMS 0x000000008ee00000| PB 0x000000008ee00000| Untracked 
| 239|0x000000008ef00000, 0x000000008ef00000, 0x000000008f000000|  0%| F|  |TAMS 0x000000008ef00000| PB 0x000000008ef00000| Untracked 
| 240|0x000000008f000000, 0x000000008f000000, 0x000000008f100000|  0%| F|  |TAMS 0x000000008f000000| PB 0x000000008f000000| Untracked 
| 241|0x000000008f100000, 0x000000008f100000, 0x000000008f200000|  0%| F|  |TAMS 0x000000008f100000| PB 0x000000008f100000| Untracked 
| 242|0x000000008f200000, 0x000000008f200000, 0x000000008f300000|  0%| F|  |TAMS 0x000000008f200000| PB 0x000000008f200000| Untracked 
| 243|0x000000008f300000, 0x000000008f300000, 0x000000008f400000|  0%| F|  |TAMS 0x000000008f300000| PB 0x000000008f300000| Untracked 
| 244|0x000000008f400000, 0x000000008f400000, 0x000000008f500000|  0%| F|  |TAMS 0x000000008f400000| PB 0x000000008f400000| Untracked 
| 245|0x000000008f500000, 0x000000008f500000, 0x000000008f600000|  0%| F|  |TAMS 0x000000008f500000| PB 0x000000008f500000| Untracked 
| 246|0x000000008f600000, 0x000000008f600000, 0x000000008f700000|  0%| F|  |TAMS 0x000000008f600000| PB 0x000000008f600000| Untracked 
| 247|0x000000008f700000, 0x000000008f700000, 0x000000008f800000|  0%| F|  |TAMS 0x000000008f700000| PB 0x000000008f700000| Untracked 
| 248|0x000000008f800000, 0x000000008f800000, 0x000000008f900000|  0%| F|  |TAMS 0x000000008f800000| PB 0x000000008f800000| Untracked 
| 249|0x000000008f900000, 0x000000008f900000, 0x000000008fa00000|  0%| F|  |TAMS 0x000000008f900000| PB 0x000000008f900000| Untracked 
| 250|0x000000008fa00000, 0x000000008fa00000, 0x000000008fb00000|  0%| F|  |TAMS 0x000000008fa00000| PB 0x000000008fa00000| Untracked 
| 251|0x000000008fb00000, 0x000000008fb00000, 0x000000008fc00000|  0%| F|  |TAMS 0x000000008fb00000| PB 0x000000008fb00000| Untracked 
| 252|0x000000008fc00000, 0x000000008fc00000, 0x000000008fd00000|  0%| F|  |TAMS 0x000000008fc00000| PB 0x000000008fc00000| Untracked 
| 253|0x000000008fd00000, 0x000000008fd00000, 0x000000008fe00000|  0%| F|  |TAMS 0x000000008fd00000| PB 0x000000008fd00000| Untracked 
| 254|0x000000008fe00000, 0x000000008fe00000, 0x000000008ff00000|  0%| F|  |TAMS 0x000000008fe00000| PB 0x000000008fe00000| Untracked 
| 255|0x000000008ff00000, 0x000000008ff00000, 0x0000000090000000|  0%| F|  |TAMS 0x000000008ff00000| PB 0x000000008ff00000| Untracked 
| 256|0x0000000090000000, 0x0000000090000000, 0x0000000090100000|  0%| F|  |TAMS 0x0000000090000000| PB 0x0000000090000000| Untracked 
| 257|0x0000000090100000, 0x0000000090100000, 0x0000000090200000|  0%| F|  |TAMS 0x0000000090100000| PB 0x0000000090100000| Untracked 
| 258|0x0000000090200000, 0x0000000090300000, 0x0000000090300000|100%| E|CS|TAMS 0x0000000090200000| PB 0x0000000090200000| Complete 
| 259|0x0000000090300000, 0x0000000090400000, 0x0000000090400000|100%| E|CS|TAMS 0x0000000090300000| PB 0x0000000090300000| Complete 
| 260|0x0000000090400000, 0x0000000090500000, 0x0000000090500000|100%| E|CS|TAMS 0x0000000090400000| PB 0x0000000090400000| Complete 
| 261|0x0000000090500000, 0x0000000090600000, 0x0000000090600000|100%| E|CS|TAMS 0x0000000090500000| PB 0x0000000090500000| Complete 
| 262|0x0000000090600000, 0x0000000090700000, 0x0000000090700000|100%| E|CS|TAMS 0x0000000090600000| PB 0x0000000090600000| Complete 
| 263|0x0000000090700000, 0x0000000090700000, 0x0000000090800000|  0%| F|  |TAMS 0x0000000090700000| PB 0x0000000090700000| Untracked 
| 264|0x0000000090800000, 0x0000000090800000, 0x0000000090900000|  0%| F|  |TAMS 0x0000000090800000| PB 0x0000000090800000| Untracked 
| 265|0x0000000090900000, 0x0000000090900000, 0x0000000090a00000|  0%| F|  |TAMS 0x0000000090900000| PB 0x0000000090900000| Untracked 
| 266|0x0000000090a00000, 0x0000000090a00000, 0x0000000090b00000|  0%| F|  |TAMS 0x0000000090a00000| PB 0x0000000090a00000| Untracked 
| 267|0x0000000090b00000, 0x0000000090b00000, 0x0000000090c00000|  0%| F|  |TAMS 0x0000000090b00000| PB 0x0000000090b00000| Untracked 
| 268|0x0000000090c00000, 0x0000000090c00000, 0x0000000090d00000|  0%| F|  |TAMS 0x0000000090c00000| PB 0x0000000090c00000| Untracked 
| 269|0x0000000090d00000, 0x0000000090d00000, 0x0000000090e00000|  0%| F|  |TAMS 0x0000000090d00000| PB 0x0000000090d00000| Untracked 
| 270|0x0000000090e00000, 0x0000000090e00000, 0x0000000090f00000|  0%| F|  |TAMS 0x0000000090e00000| PB 0x0000000090e00000| Untracked 
| 271|0x0000000090f00000, 0x0000000090f00000, 0x0000000091000000|  0%| F|  |TAMS 0x0000000090f00000| PB 0x0000000090f00000| Untracked 
| 272|0x0000000091000000, 0x0000000091000000, 0x0000000091100000|  0%| F|  |TAMS 0x0000000091000000| PB 0x0000000091000000| Untracked 
| 273|0x0000000091100000, 0x0000000091100000, 0x0000000091200000|  0%| F|  |TAMS 0x0000000091100000| PB 0x0000000091100000| Untracked 
| 274|0x0000000091200000, 0x0000000091200000, 0x0000000091300000|  0%| F|  |TAMS 0x0000000091200000| PB 0x0000000091200000| Untracked 
| 275|0x0000000091300000, 0x0000000091300000, 0x0000000091400000|  0%| F|  |TAMS 0x0000000091300000| PB 0x0000000091300000| Untracked 
| 276|0x0000000091400000, 0x0000000091400000, 0x0000000091500000|  0%| F|  |TAMS 0x0000000091400000| PB 0x0000000091400000| Untracked 
| 277|0x0000000091500000, 0x0000000091500000, 0x0000000091600000|  0%| F|  |TAMS 0x0000000091500000| PB 0x0000000091500000| Untracked 
| 278|0x0000000091600000, 0x0000000091600000, 0x0000000091700000|  0%| F|  |TAMS 0x0000000091600000| PB 0x0000000091600000| Untracked 
| 279|0x0000000091700000, 0x0000000091700000, 0x0000000091800000|  0%| F|  |TAMS 0x0000000091700000| PB 0x0000000091700000| Untracked 
| 280|0x0000000091800000, 0x0000000091800000, 0x0000000091900000|  0%| F|  |TAMS 0x0000000091800000| PB 0x0000000091800000| Untracked 
| 281|0x0000000091900000, 0x0000000091900000, 0x0000000091a00000|  0%| F|  |TAMS 0x0000000091900000| PB 0x0000000091900000| Untracked 
| 282|0x0000000091a00000, 0x0000000091a00000, 0x0000000091b00000|  0%| F|  |TAMS 0x0000000091a00000| PB 0x0000000091a00000| Untracked 
| 283|0x0000000091b00000, 0x0000000091b00000, 0x0000000091c00000|  0%| F|  |TAMS 0x0000000091b00000| PB 0x0000000091b00000| Untracked 
| 284|0x0000000091c00000, 0x0000000091c00000, 0x0000000091d00000|  0%| F|  |TAMS 0x0000000091c00000| PB 0x0000000091c00000| Untracked 
| 285|0x0000000091d00000, 0x0000000091d00000, 0x0000000091e00000|  0%| F|  |TAMS 0x0000000091d00000| PB 0x0000000091d00000| Untracked 
| 286|0x0000000091e00000, 0x0000000091e00000, 0x0000000091f00000|  0%| F|  |TAMS 0x0000000091e00000| PB 0x0000000091e00000| Untracked 
| 287|0x0000000091f00000, 0x0000000091f00000, 0x0000000092000000|  0%| F|  |TAMS 0x0000000091f00000| PB 0x0000000091f00000| Untracked 
| 288|0x0000000092000000, 0x0000000092000000, 0x0000000092100000|  0%| F|  |TAMS 0x0000000092000000| PB 0x0000000092000000| Untracked 
| 289|0x0000000092100000, 0x0000000092180000, 0x0000000092200000| 50%| E|  |TAMS 0x0000000092100000| PB 0x0000000092100000| Complete 
| 290|0x0000000092200000, 0x0000000092300000, 0x0000000092300000|100%| E|CS|TAMS 0x0000000092200000| PB 0x0000000092200000| Complete 
| 291|0x0000000092300000, 0x0000000092400000, 0x0000000092400000|100%| E|CS|TAMS 0x0000000092300000| PB 0x0000000092300000| Complete 
| 292|0x0000000092400000, 0x0000000092500000, 0x0000000092500000|100%| E|CS|TAMS 0x0000000092400000| PB 0x0000000092400000| Complete 
|2029|0x00000000fed00000, 0x00000000fee00000, 0x00000000fee00000|100%| O|  |TAMS 0x00000000fed00000| PB 0x00000000fed00000| Untracked 
|2030|0x00000000fee00000, 0x00000000fef00000, 0x00000000fef00000|100%| O|  |TAMS 0x00000000fee00000| PB 0x00000000fee00000| Untracked 
|2031|0x00000000fef00000, 0x00000000ff000000, 0x00000000ff000000|100%| O|  |TAMS 0x00000000fef00000| PB 0x00000000fef00000| Untracked 
|2032|0x00000000ff000000, 0x00000000ff100000, 0x00000000ff100000|100%| O|  |TAMS 0x00000000ff000000| PB 0x00000000ff000000| Untracked 
|2033|0x00000000ff100000, 0x00000000ff200000, 0x00000000ff200000|100%| O|  |TAMS 0x00000000ff100000| PB 0x00000000ff100000| Untracked 
|2034|0x00000000ff200000, 0x00000000ff300000, 0x00000000ff300000|100%| O|  |TAMS 0x00000000ff200000| PB 0x00000000ff200000| Untracked 
|2035|0x00000000ff300000, 0x00000000ff400000, 0x00000000ff400000|100%| O|  |TAMS 0x00000000ff300000| PB 0x00000000ff300000| Untracked 
|2036|0x00000000ff400000, 0x00000000ff500000, 0x00000000ff500000|100%| O|  |TAMS 0x00000000ff400000| PB 0x00000000ff400000| Untracked 
|2037|0x00000000ff500000, 0x00000000ff600000, 0x00000000ff600000|100%| O|Cm|TAMS 0x00000000ff500000| PB 0x00000000ff500000| Complete 
|2038|0x00000000ff600000, 0x00000000ff700000, 0x00000000ff700000|100%| O|  |TAMS 0x00000000ff600000| PB 0x00000000ff600000| Untracked 
|2039|0x00000000ff700000, 0x00000000ff800000, 0x00000000ff800000|100%| O|  |TAMS 0x00000000ff700000| PB 0x00000000ff700000| Untracked 
|2040|0x00000000ff800000, 0x00000000ff900000, 0x00000000ff900000|100%| O|  |TAMS 0x00000000ff800000| PB 0x00000000ff800000| Untracked 
|2041|0x00000000ff900000, 0x00000000ffa00000, 0x00000000ffa00000|100%| O|  |TAMS 0x00000000ff900000| PB 0x00000000ff900000| Untracked 
|2042|0x00000000ffa00000, 0x00000000ffb00000, 0x00000000ffb00000|100%| O|  |TAMS 0x00000000ffa00000| PB 0x00000000ffa00000| Untracked 
|2043|0x00000000ffb00000, 0x00000000ffc00000, 0x00000000ffc00000|100%| O|  |TAMS 0x00000000ffb00000| PB 0x00000000ffb00000| Untracked 
|2044|0x00000000ffc00000, 0x00000000ffd00000, 0x00000000ffd00000|100%| O|  |TAMS 0x00000000ffc00000| PB 0x00000000ffc00000| Untracked 
|2045|0x00000000ffd00000, 0x00000000ffe00000, 0x00000000ffe00000|100%| O|  |TAMS 0x00000000ffd00000| PB 0x00000000ffd00000| Untracked 
|2046|0x00000000ffe00000, 0x00000000fff00000, 0x00000000fff00000|100%| O|  |TAMS 0x00000000ffe00000| PB 0x00000000ffe00000| Untracked 
|2047|0x00000000fff00000, 0x0000000100000000, 0x0000000100000000|100%| O|  |TAMS 0x00000000fff00000| PB 0x00000000fff00000| Untracked 

Card table byte_map: [0x0000019df47d0000,0x0000019df4bd0000] _byte_map_base: 0x0000019df43d0000

Marking Bits: (CMBitMap*) 0x0000019dda9d32b0
 Bits: [0x0000019df4bd0000, 0x0000019df6bd0000)

Polling page: 0x0000019dda4a0000

Metaspace:

Usage:
  Non-class:    126.56 MB used.
      Class:     18.23 MB used.
       Both:    144.79 MB used.

Virtual space:
  Non-class space:      192.00 MB reserved,     127.81 MB ( 67%) committed,  3 nodes.
      Class space:        1.00 GB reserved,      19.50 MB (  2%) committed,  1 nodes.
             Both:        1.19 GB reserved,     147.31 MB ( 12%) committed. 

Chunk freelists:
   Non-Class:  15.78 MB
       Class:  12.53 MB
        Both:  28.31 MB

MaxMetaspaceSize: unlimited
CompressedClassSpaceSize: 1.00 GB
Initial GC threshold: 21.00 MB
Current GC threshold: 245.12 MB
CDS: on
 - commit_granule_bytes: 65536.
 - commit_granule_words: 8192.
 - virtual_space_node_default_size: 8388608.
 - enlarge_chunks_in_place: 1.
 - use_allocation_guard: 0.


Internal statistics:

num_allocs_failed_limit: 9.
num_arena_births: 4590.
num_arena_deaths: 16.
num_vsnodes_births: 4.
num_vsnodes_deaths: 0.
num_space_committed: 2355.
num_space_uncommitted: 0.
num_chunks_returned_to_freelist: 35.
num_chunks_taken_from_freelist: 10768.
num_chunk_merges: 11.
num_chunk_splits: 7565.
num_chunks_enlarged: 5255.
num_inconsistent_stats: 0.

CodeHeap 'non-profiled nmethods': size=119168Kb used=9227Kb max_used=9350Kb free=109941Kb
 bounds [0x0000019debfc0000, 0x0000019dec8f0000, 0x0000019df3420000]
CodeHeap 'profiled nmethods': size=119104Kb used=40172Kb max_used=41184Kb free=78931Kb
 bounds [0x0000019de4420000, 0x0000019de6c60000, 0x0000019deb870000]
CodeHeap 'non-nmethods': size=7488Kb used=3718Kb max_used=4853Kb free=3769Kb
 bounds [0x0000019deb870000, 0x0000019debd40000, 0x0000019debfc0000]
 total_blobs=18765 nmethods=17597 adapters=1066
 compilation: enabled
              stopped_count=0, restarted_count=0
 full_count=0

Compilation events (20 events):
Event: 34.713 Thread 0x0000019dd64aa610 20059       3       java.util.regex.Pattern::createGroup (86 bytes)
Event: 34.713 Thread 0x0000019dd64ab3b0 20060       3       java.util.regex.Pattern$GroupHead::<init> (10 bytes)
Event: 34.713 Thread 0x0000019dd64a9f40 20061       3       java.util.regex.Pattern$GroupTail::<init> (17 bytes)
Event: 34.713 Thread 0x0000019df9c5f520 20062       3       java.util.regex.Pattern::accept (43 bytes)
Event: 34.713 Thread 0x0000019dd64ab3b0 nmethod 20060 0x0000019de6c4e690 code [0x0000019de6c4e840, 0x0000019de6c4ea78]
Event: 34.713 Thread 0x0000019dd64a9f40 nmethod 20061 0x0000019de6c4eb90 code [0x0000019de6c4ed40, 0x0000019de6c4ef80]
Event: 34.713 Thread 0x0000019df9c5f520 nmethod 20062 0x0000019de6c4f090 code [0x0000019de6c4f260, 0x0000019de6c4f568]
Event: 34.713 Thread 0x0000019dd64ab3b0 20063       3       java.util.regex.Pattern::group0 (1098 bytes)
Event: 34.713 Thread 0x0000019dd64a9f40 20066       3       kotlin.jvm.internal.Intrinsics::checkParameterIsNotNull (9 bytes)
Event: 34.713 Thread 0x0000019dd64aa610 nmethod 20059 0x0000019de6c4f710 code [0x0000019de6c4f920, 0x0000019de6c50140]
Event: 34.713 Thread 0x0000019dd64a9f40 nmethod 20066 0x0000019de6c50390 code [0x0000019de6c505a0, 0x0000019de6c50aa8]
Event: 34.715 Thread 0x0000019dd64a9f40 20067       3       java.util.regex.Pattern$Dollar::<init> (10 bytes)
Event: 34.716 Thread 0x0000019dd64a9f40 nmethod 20067 0x0000019de6c50c90 code [0x0000019de6c50e40, 0x0000019de6c51080]
Event: 34.716 Thread 0x0000019dd64ab3b0 nmethod 20063 0x0000019de6c51190 code [0x0000019de6c51a20, 0x0000019de6c56830]
Event: 34.719 Thread 0x0000019dd64ab3b0 20068       1       com.android.tools.build.jetifier.core.pom.PomDependency::getGroupId (5 bytes)
Event: 34.719 Thread 0x0000019dd64a9f40 20069       1       com.android.tools.build.jetifier.core.pom.PomDependency::getArtifactId (5 bytes)
Event: 34.719 Thread 0x0000019dd64aa610 20070       1       com.android.tools.build.jetifier.core.pom.PomDependency::getVersion (5 bytes)
Event: 34.719 Thread 0x0000019dd64a9f40 nmethod 20069 0x0000019dec8e1210 code [0x0000019dec8e13a0, 0x0000019dec8e1468]
Event: 34.719 Thread 0x0000019dd64aa610 nmethod 20070 0x0000019dec8e1510 code [0x0000019dec8e16a0, 0x0000019dec8e1768]
Event: 34.719 Thread 0x0000019dd64ab3b0 nmethod 20068 0x0000019dec8e1810 code [0x0000019dec8e19a0, 0x0000019dec8e1a68]

GC Heap History (20 events):
Event: 16.842 GC heap before
{Heap before GC invocations=35 (full 0):
 garbage-first heap   total 205824K, used 138228K [0x0000000080000000, 0x0000000100000000)
  region size 1024K, 15 young (15360K), 8 survivors (8192K)
 Metaspace       used 119783K, committed 122048K, reserved 1179648K
  class space    used 15445K, committed 16576K, reserved 1048576K
}
Event: 16.846 GC heap after
{Heap after GC invocations=36 (full 0):
 garbage-first heap   total 247808K, used 133506K [0x0000000080000000, 0x0000000100000000)
  region size 1024K, 2 young (2048K), 2 survivors (2048K)
 Metaspace       used 119783K, committed 122048K, reserved 1179648K
  class space    used 15445K, committed 16576K, reserved 1048576K
}
Event: 16.997 GC heap before
{Heap before GC invocations=36 (full 0):
 garbage-first heap   total 247808K, used 148866K [0x0000000080000000, 0x0000000100000000)
  region size 1024K, 17 young (17408K), 2 survivors (2048K)
 Metaspace       used 119903K, committed 122176K, reserved 1179648K
  class space    used 15445K, committed 16576K, reserved 1048576K
}
Event: 17.001 GC heap after
{Heap after GC invocations=37 (full 0):
 garbage-first heap   total 247808K, used 136386K [0x0000000080000000, 0x0000000100000000)
  region size 1024K, 5 young (5120K), 5 survivors (5120K)
 Metaspace       used 119903K, committed 122176K, reserved 1179648K
  class space    used 15445K, committed 16576K, reserved 1048576K
}
Event: 18.229 GC heap before
{Heap before GC invocations=38 (full 0):
 garbage-first heap   total 275456K, used 218306K [0x0000000080000000, 0x0000000100000000)
  region size 1024K, 80 young (81920K), 5 survivors (5120K)
 Metaspace       used 121825K, committed 124096K, reserved 1179648K
  class space    used 15623K, committed 16768K, reserved 1048576K
}
Event: 18.235 GC heap after
{Heap after GC invocations=39 (full 0):
 garbage-first heap   total 275456K, used 149657K [0x0000000080000000, 0x0000000100000000)
  region size 1024K, 10 young (10240K), 10 survivors (10240K)
 Metaspace       used 121825K, committed 124096K, reserved 1179648K
  class space    used 15623K, committed 16768K, reserved 1048576K
}
Event: 19.926 GC heap before
{Heap before GC invocations=39 (full 0):
 garbage-first heap   total 275456K, used 242841K [0x0000000080000000, 0x0000000100000000)
  region size 1024K, 94 young (96256K), 10 survivors (10240K)
 Metaspace       used 128340K, committed 130752K, reserved 1179648K
  class space    used 16487K, committed 17728K, reserved 1048576K
}
Event: 19.932 GC heap after
{Heap after GC invocations=40 (full 0):
 garbage-first heap   total 275456K, used 157378K [0x0000000080000000, 0x0000000100000000)
  region size 1024K, 7 young (7168K), 7 survivors (7168K)
 Metaspace       used 128340K, committed 130752K, reserved 1179648K
  class space    used 16487K, committed 17728K, reserved 1048576K
}
Event: 22.159 GC heap before
{Heap before GC invocations=40 (full 0):
 garbage-first heap   total 275456K, used 249538K [0x0000000080000000, 0x0000000100000000)
  region size 1024K, 93 young (95232K), 7 survivors (7168K)
 Metaspace       used 135549K, committed 137984K, reserved 1179648K
  class space    used 17388K, committed 18624K, reserved 1048576K
}
Event: 22.173 GC heap after
{Heap after GC invocations=41 (full 0):
 garbage-first heap   total 275456K, used 164735K [0x0000000080000000, 0x0000000100000000)
  region size 1024K, 12 young (12288K), 12 survivors (12288K)
 Metaspace       used 135549K, committed 137984K, reserved 1179648K
  class space    used 17388K, committed 18624K, reserved 1048576K
}
Event: 22.914 GC heap before
{Heap before GC invocations=41 (full 0):
 garbage-first heap   total 275456K, used 203647K [0x0000000080000000, 0x0000000100000000)
  region size 1024K, 51 young (52224K), 12 survivors (12288K)
 Metaspace       used 137879K, committed 140416K, reserved 1179648K
  class space    used 17693K, committed 18944K, reserved 1048576K
}
Event: 22.934 GC heap after
{Heap after GC invocations=42 (full 0):
 garbage-first heap   total 275456K, used 168177K [0x0000000080000000, 0x0000000100000000)
  region size 1024K, 10 young (10240K), 10 survivors (10240K)
 Metaspace       used 137879K, committed 140416K, reserved 1179648K
  class space    used 17693K, committed 18944K, reserved 1048576K
}
Event: 23.703 GC heap before
{Heap before GC invocations=43 (full 0):
 garbage-first heap   total 288768K, used 247025K [0x0000000080000000, 0x0000000100000000)
  region size 1024K, 89 young (91136K), 10 survivors (10240K)
 Metaspace       used 140465K, committed 142976K, reserved 1179648K
  class space    used 17926K, committed 19200K, reserved 1048576K
}
Event: 23.711 GC heap after
{Heap after GC invocations=44 (full 0):
 garbage-first heap   total 288768K, used 166633K [0x0000000080000000, 0x0000000100000000)
  region size 1024K, 5 young (5120K), 5 survivors (5120K)
 Metaspace       used 140465K, committed 142976K, reserved 1179648K
  class space    used 17926K, committed 19200K, reserved 1048576K
}
Event: 30.325 GC heap before
{Heap before GC invocations=44 (full 0):
 garbage-first heap   total 288768K, used 264937K [0x0000000080000000, 0x0000000100000000)
  region size 1024K, 100 young (102400K), 5 survivors (5120K)
 Metaspace       used 141405K, committed 143936K, reserved 1179648K
  class space    used 18013K, committed 19264K, reserved 1048576K
}
Event: 30.334 GC heap after
{Heap after GC invocations=45 (full 0):
 garbage-first heap   total 288768K, used 174878K [0x0000000080000000, 0x0000000100000000)
  region size 1024K, 13 young (13312K), 13 survivors (13312K)
 Metaspace       used 141405K, committed 143936K, reserved 1179648K
  class space    used 18013K, committed 19264K, reserved 1048576K
}
Event: 31.770 GC heap before
{Heap before GC invocations=45 (full 0):
 garbage-first heap   total 288768K, used 259870K [0x0000000080000000, 0x0000000100000000)
  region size 1024K, 96 young (98304K), 13 survivors (13312K)
 Metaspace       used 143280K, committed 145728K, reserved 1179648K
  class space    used 18101K, committed 19328K, reserved 1048576K
}
Event: 31.780 GC heap after
{Heap after GC invocations=46 (full 0):
 garbage-first heap   total 288768K, used 181370K [0x0000000080000000, 0x0000000100000000)
  region size 1024K, 12 young (12288K), 12 survivors (12288K)
 Metaspace       used 143280K, committed 145728K, reserved 1179648K
  class space    used 18101K, committed 19328K, reserved 1048576K
}
Event: 34.658 GC heap before
{Heap before GC invocations=46 (full 0):
 garbage-first heap   total 288768K, used 237690K [0x0000000080000000, 0x0000000100000000)
  region size 1024K, 68 young (69632K), 12 survivors (12288K)
 Metaspace       used 147742K, committed 150336K, reserved 1179648K
  class space    used 18604K, committed 19904K, reserved 1048576K
}
Event: 34.665 GC heap after
{Heap after GC invocations=47 (full 0):
 garbage-first heap   total 288768K, used 185222K [0x0000000080000000, 0x0000000100000000)
  region size 1024K, 4 young (4096K), 4 survivors (4096K)
 Metaspace       used 147742K, committed 150336K, reserved 1179648K
  class space    used 18604K, committed 19904K, reserved 1048576K
}

Dll operation events (15 events):
Event: 0.015 Loaded shared library C:\Program Files\Java\jdk-21\bin\java.dll
Event: 0.042 Loaded shared library C:\Program Files\Java\jdk-21\bin\jsvml.dll
Event: 0.080 Loaded shared library C:\Program Files\Java\jdk-21\bin\zip.dll
Event: 0.084 Loaded shared library C:\Program Files\Java\jdk-21\bin\instrument.dll
Event: 0.093 Loaded shared library C:\Program Files\Java\jdk-21\bin\net.dll
Event: 0.096 Loaded shared library C:\Program Files\Java\jdk-21\bin\nio.dll
Event: 0.100 Loaded shared library C:\Program Files\Java\jdk-21\bin\zip.dll
Event: 0.244 Loaded shared library C:\Program Files\Java\jdk-21\bin\jimage.dll
Event: 0.307 Loaded shared library C:\Program Files\Java\jdk-21\bin\verify.dll
Event: 0.468 Loaded shared library C:\Users\9048i\.gradle\native\c067742578af261105cb4f569cf0c3c89f3d7b1fecec35dd04571415982c5e48\windows-amd64\native-platform.dll
Event: 0.484 Loaded shared library C:\Users\9048i\.gradle\native\38dada09dfb8b06ba9b0570ebf7e218e3eb74d4ef43ca46872605cf95ebc2f47\windows-amd64\native-platform-file-events.dll
Event: 1.096 Loaded shared library C:\Program Files\Java\jdk-21\bin\management.dll
Event: 1.101 Loaded shared library C:\Program Files\Java\jdk-21\bin\management_ext.dll
Event: 1.276 Loaded shared library C:\Program Files\Java\jdk-21\bin\extnet.dll
Event: 1.423 Loaded shared library C:\Program Files\Java\jdk-21\bin\sunmscapi.dll

Deoptimization events (20 events):
Event: 32.144 Thread 0x0000019dff987050 DEOPT PACKING pc=0x0000019dec672e68 sp=0x0000000214bf7eb0
Event: 32.144 Thread 0x0000019dff987050 DEOPT UNPACKING pc=0x0000019deb8c46a2 sp=0x0000000214bf7e68 mode 2
Event: 32.159 Thread 0x0000019dff987050 Uncommon trap: trap_request=0xffffffde fr.pc=0x0000019dec672e68 relative=0x0000000000000c28
Event: 32.159 Thread 0x0000019dff987050 Uncommon trap: reason=class_check action=maybe_recompile pc=0x0000019dec672e68 method=jdk.internal.loader.Resource.getBytes()[B @ 10 c2
Event: 32.159 Thread 0x0000019dff987050 DEOPT PACKING pc=0x0000019dec672e68 sp=0x0000000214bf8000
Event: 32.159 Thread 0x0000019dff987050 DEOPT UNPACKING pc=0x0000019deb8c46a2 sp=0x0000000214bf7fb8 mode 2
Event: 32.161 Thread 0x0000019dff987050 Uncommon trap: trap_request=0xffffff45 fr.pc=0x0000019dec5a8888 relative=0x00000000000002a8
Event: 32.161 Thread 0x0000019dff987050 Uncommon trap: reason=unstable_if action=reinterpret pc=0x0000019dec5a8888 method=java.lang.ThreadLocal$ThreadLocalMap.cleanSomeSlots(II)Z @ 37 c2
Event: 32.161 Thread 0x0000019dff987050 DEOPT PACKING pc=0x0000019dec5a8888 sp=0x0000000214bf8aa0
Event: 32.161 Thread 0x0000019dff987050 DEOPT UNPACKING pc=0x0000019deb8c46a2 sp=0x0000000214bf89c8 mode 2
Event: 32.163 Thread 0x0000019dff987050 Uncommon trap: trap_request=0xffffffde fr.pc=0x0000019dec672e68 relative=0x0000000000000c28
Event: 32.163 Thread 0x0000019dff987050 Uncommon trap: reason=class_check action=maybe_recompile pc=0x0000019dec672e68 method=jdk.internal.loader.Resource.getBytes()[B @ 10 c2
Event: 32.163 Thread 0x0000019dff987050 DEOPT PACKING pc=0x0000019dec672e68 sp=0x0000000214bf8000
Event: 32.163 Thread 0x0000019dff987050 DEOPT UNPACKING pc=0x0000019deb8c46a2 sp=0x0000000214bf7fb8 mode 2
Event: 32.399 Thread 0x0000019dff987050 DEOPT PACKING pc=0x0000019de5dd8bd6 sp=0x0000000214bf7fa0
Event: 32.399 Thread 0x0000019dff987050 DEOPT UNPACKING pc=0x0000019deb8c4e42 sp=0x0000000214bf7550 mode 0
Event: 34.694 Thread 0x0000019dff987050 Uncommon trap: trap_request=0xffffff54 fr.pc=0x0000019dec331ab0 relative=0x0000000000000a50
Event: 34.694 Thread 0x0000019dff987050 Uncommon trap: reason=speculate_null_assert action=make_not_entrant pc=0x0000019dec331ab0 method=jdk.internal.reflect.Reflection.filter([Ljava/lang/reflect/Member;Ljava/util/Set;)[Ljava/lang/reflect/Member; @ 1 c2
Event: 34.694 Thread 0x0000019dff987050 DEOPT PACKING pc=0x0000019dec331ab0 sp=0x0000000214bf6440
Event: 34.694 Thread 0x0000019dff987050 DEOPT UNPACKING pc=0x0000019deb8c46a2 sp=0x0000000214bf6310 mode 2

Classes loaded (20 events):
Event: 21.380 Loading class javax/management/JMException
Event: 21.381 Loading class javax/management/JMException done
Event: 21.381 Loading class javax/management/OperationsException done
Event: 21.381 Loading class javax/management/ListenerNotFoundException done
Event: 21.403 Loading class java/time/format/DateTimeFormatterBuilder$WeekBasedFieldPrinterParser
Event: 21.404 Loading class java/time/format/DateTimeFormatterBuilder$WeekBasedFieldPrinterParser done
Event: 21.463 Loading class com/sun/jmx/mbeanserver/StandardMBeanSupport
Event: 21.464 Loading class com/sun/jmx/mbeanserver/StandardMBeanSupport done
Event: 21.464 Loading class com/sun/jmx/mbeanserver/StandardMBeanIntrospector
Event: 21.465 Loading class com/sun/jmx/mbeanserver/StandardMBeanIntrospector done
Event: 21.754 Loading class sun/reflect/misc/MethodUtil
Event: 21.755 Loading class sun/reflect/misc/MethodUtil done
Event: 21.755 Loading class sun/reflect/misc/MethodUtil$1
Event: 21.756 Loading class sun/reflect/misc/MethodUtil$1 done
Event: 22.459 Loading class java/lang/StackTraceElement$HashedModules
Event: 22.459 Loading class java/lang/StackTraceElement$HashedModules done
Event: 34.635 Loading class java/util/Currency
Event: 34.636 Loading class java/util/Currency done
Event: 34.642 Loading class java/util/concurrent/atomic/AtomicLongArray
Event: 34.642 Loading class java/util/concurrent/atomic/AtomicLongArray done

Classes unloaded (19 events):
Event: 4.298 Thread 0x0000019df9c22c50 Unloading class 0x0000019d813eb000 'java/lang/invoke/LambdaForm$MH+0x0000019d813eb000'
Event: 4.298 Thread 0x0000019df9c22c50 Unloading class 0x0000019d813eac00 'java/lang/invoke/LambdaForm$DMH+0x0000019d813eac00'
Event: 4.298 Thread 0x0000019df9c22c50 Unloading class 0x0000019d813e9c00 'java/lang/invoke/LambdaForm$DMH+0x0000019d813e9c00'
Event: 4.298 Thread 0x0000019df9c22c50 Unloading class 0x0000019d813e9800 'java/lang/invoke/LambdaForm$DMH+0x0000019d813e9800'
Event: 8.064 Thread 0x0000019df9c22c50 Unloading class 0x0000019d81628908 '_BuildScript_$_run_closure1$_closure2'
Event: 8.064 Thread 0x0000019df9c22c50 Unloading class 0x0000019d81628528 '_BuildScript_$_run_closure1'
Event: 8.064 Thread 0x0000019df9c22c50 Unloading class 0x0000019d81628000 '_BuildScript_'
Event: 9.524 Thread 0x0000019df9c22c50 Unloading class 0x0000019d816d8800 '_BuildScript_'
Event: 9.524 Thread 0x0000019df9c22c50 Unloading class 0x0000019d816d0908 '_BuildScript_$_run_closure1$_closure2'
Event: 9.524 Thread 0x0000019df9c22c50 Unloading class 0x0000019d816d0528 '_BuildScript_$_run_closure1'
Event: 9.524 Thread 0x0000019df9c22c50 Unloading class 0x0000019d816d0000 '_BuildScript_'
Event: 9.524 Thread 0x0000019df9c22c50 Unloading class 0x0000019d816ce000 '_BuildScript_$_run_closure1$_closure2'
Event: 9.524 Thread 0x0000019df9c22c50 Unloading class 0x0000019d816cd908 '_BuildScript_$_run_closure1'
Event: 9.524 Thread 0x0000019df9c22c50 Unloading class 0x0000019d816cd3e0 '_BuildScript_'
Event: 9.524 Thread 0x0000019df9c22c50 Unloading class 0x0000019d816cd000 'ProtobufPatchPlugin$_apply_closure1$_closure2$_closure3$_closure4'
Event: 9.524 Thread 0x0000019df9c22c50 Unloading class 0x0000019d816cca80 'ProtobufPatchPlugin$_apply_closure1$_closure2$_closure3'
Event: 9.524 Thread 0x0000019df9c22c50 Unloading class 0x0000019d816cc6a0 'ProtobufPatchPlugin$_apply_closure1$_closure2'
Event: 9.524 Thread 0x0000019df9c22c50 Unloading class 0x0000019d816cc2c0 'ProtobufPatchPlugin$_apply_closure1'
Event: 9.524 Thread 0x0000019df9c22c50 Unloading class 0x0000019d816cc000 'ProtobufPatchPlugin'

Classes redefined (0 events):
No events

Internal exceptions (20 events):
Event: 22.618 Thread 0x0000019dff987050 Exception <a 'java/lang/ClassNotFoundException'{0x000000008dfc2930}: org/jetbrains/kotlin/gradle/targets/js/npm/NpmDependencyExtensionKt$defaultNpmDependencyDelegate$1BeanInfo> (0x000000008dfc2930) 
thrown [s\open\src\hotspot\share\classfile\systemDictionary.cpp, line 312]
Event: 22.619 Thread 0x0000019dff987050 Exception <a 'java/lang/ClassNotFoundException'{0x000000008dfd0d20}: org/jetbrains/kotlin/gradle/targets/js/npm/NpmDependencyExtensionDelegateBeanInfo> (0x000000008dfd0d20) 
thrown [s\open\src\hotspot\share\classfile\systemDictionary.cpp, line 312]
Event: 22.619 Thread 0x0000019dff987050 Exception <a 'java/lang/ClassNotFoundException'{0x000000008dfdf120}: org/jetbrains/kotlin/gradle/targets/js/npm/NpmDependencyExtensionDelegateCustomizer> (0x000000008dfdf120) 
thrown [s\open\src\hotspot\share\classfile\systemDictionary.cpp, line 312]
Event: 22.620 Thread 0x0000019dff987050 Exception <a 'java/lang/ClassNotFoundException'{0x000000008de10c40}: org/jetbrains/kotlin/gradle/targets/js/npm/NpmDependencyExtensionKt$defaultNpmDependencyDelegate$1Customizer> (0x000000008de10c40) 
thrown [s\open\src\hotspot\share\classfile\systemDictionary.cpp, line 312]
Event: 22.625 Thread 0x0000019dff987050 Exception <a 'java/lang/ClassNotFoundException'{0x000000008de50650}: org/jetbrains/kotlin/gradle/targets/js/npm/DefaultDevNpmDependencyExtensionBeanInfo> (0x000000008de50650) 
thrown [s\open\src\hotspot\share\classfile\systemDictionary.cpp, line 312]
Event: 22.626 Thread 0x0000019dff987050 Exception <a 'java/lang/ClassNotFoundException'{0x000000008de5ea58}: org/jetbrains/kotlin/gradle/targets/js/npm/DefaultDevNpmDependencyExtensionCustomizer> (0x000000008de5ea58) 
thrown [s\open\src\hotspot\share\classfile\systemDictionary.cpp, line 312]
Event: 22.629 Thread 0x0000019dff987050 Exception <a 'java/lang/ClassNotFoundException'{0x000000008dea7f00}: org/jetbrains/kotlin/gradle/targets/js/npm/DefaultPeerNpmDependencyExtensionBeanInfo> (0x000000008dea7f00) 
thrown [s\open\src\hotspot\share\classfile\systemDictionary.cpp, line 312]
Event: 22.629 Thread 0x0000019dff987050 Exception <a 'java/lang/ClassNotFoundException'{0x000000008deb6340}: org/jetbrains/kotlin/gradle/targets/js/npm/DefaultPeerNpmDependencyExtensionCustomizer> (0x000000008deb6340) 
thrown [s\open\src\hotspot\share\classfile\systemDictionary.cpp, line 312]
Event: 22.633 Thread 0x0000019dff987050 Exception <a 'java/lang/ClassNotFoundException'{0x000000008dd08790}: org/jetbrains/kotlin/gradle/targets/js/npm/DefaultPeerNpmDependencyExtension$delegate$1BeanInfo> (0x000000008dd08790) 
thrown [s\open\src\hotspot\share\classfile\systemDictionary.cpp, line 312]
Event: 22.633 Thread 0x0000019dff987050 Exception <a 'java/lang/ClassNotFoundException'{0x000000008dd16e50}: org/jetbrains/kotlin/gradle/targets/js/npm/DefaultPeerNpmDependencyExtension$delegate$1Customizer> (0x000000008dd16e50) 
thrown [s\open\src\hotspot\share\classfile\systemDictionary.cpp, line 312]
Event: 29.847 Thread 0x0000019dff987050 Exception <a 'sun/nio/fs/WindowsException'{0x000000008d864140}> (0x000000008d864140) 
thrown [s\open\src\hotspot\share\prims\jni.cpp, line 520]
Event: 29.848 Thread 0x0000019dff987050 Exception <a 'sun/nio/fs/WindowsException'{0x000000008d865c40}> (0x000000008d865c40) 
thrown [s\open\src\hotspot\share\prims\jni.cpp, line 520]
Event: 31.127 Thread 0x0000019dff987050 Exception <a 'java/lang/IncompatibleClassChangeError'{0x000000008cbd4518}: Found class java.lang.Object, but interface was expected> (0x000000008cbd4518) 
thrown [s\open\src\hotspot\share\interpreter\linkResolver.cpp, line 840]
Event: 31.139 Thread 0x0000019dff987050 Exception <a 'java/lang/NoSuchMethodError'{0x000000008ca1d550}: 'int java.lang.invoke.DirectMethodHandle$Holder.invokeStaticInit(java.lang.Object, int)'> (0x000000008ca1d550) 
thrown [s\open\src\hotspot\share\interpreter\linkResolver.cpp, line 773]
Event: 32.095 Thread 0x0000019dff987050 Exception <a 'sun/nio/fs/WindowsException'{0x000000008f651e80}> (0x000000008f651e80) 
thrown [s\open\src\hotspot\share\prims\jni.cpp, line 520]
Event: 32.095 Thread 0x0000019dff987050 Exception <a 'sun/nio/fs/WindowsException'{0x000000008f653a68}> (0x000000008f653a68) 
thrown [s\open\src\hotspot\share\prims\jni.cpp, line 520]
Event: 32.106 Thread 0x0000019dff987050 Exception <a 'sun/nio/fs/WindowsException'{0x000000008f6c66e0}> (0x000000008f6c66e0) 
thrown [s\open\src\hotspot\share\prims\jni.cpp, line 520]
Event: 32.107 Thread 0x0000019dff987050 Exception <a 'sun/nio/fs/WindowsException'{0x000000008f6c68d8}> (0x000000008f6c68d8) 
thrown [s\open\src\hotspot\share\prims\jni.cpp, line 520]
Event: 32.209 Thread 0x0000019dff987050 Exception <a 'java/lang/NoSuchMethodError'{0x000000008f1016f8}: 'int java.lang.invoke.DirectMethodHandle$Holder.invokeSpecialIFC(java.lang.Object, java.lang.Object, java.lang.Object, java.lang.Object, java.lang.Object)'> (0x000000008f1016f8) 
thrown [s\open\src\hotspot\share\interpreter\linkResolver.cpp, line 773]
Event: 33.498 Thread 0x0000019dff987050 Exception <a 'java/lang/NoSuchMethodError'{0x000000008db7fc28}: 'java.lang.Object java.lang.invoke.DirectMethodHandle$Holder.newInvokeSpecial(java.lang.Object, java.lang.Object, java.lang.Object, java.lang.Object, java.lang.Object, java.lang.Object, java.lang.Object, java.lang.Object, java.lang.Object, java.lang.Object, java.lang.Object, java.lang.Object, java.lang.Object, java.lang.Object, java.lang.Object)'> (0x000000008db7fc28) 
thrown [s\open\src\hotspot\share\interpreter\linkResolver.cpp, line 773]

ZGC Phase Switch (0 events):
No events

VM Operations (20 events):
Event: 31.871 Executing VM operation: ICBufferFull done
Event: 31.915 Executing VM operation: ICBufferFull
Event: 31.915 Executing VM operation: ICBufferFull done
Event: 31.944 Executing VM operation: ICBufferFull
Event: 31.944 Executing VM operation: ICBufferFull done
Event: 31.954 Executing VM operation: HandshakeAllThreads (Deoptimize)
Event: 31.954 Executing VM operation: HandshakeAllThreads (Deoptimize) done
Event: 32.043 Executing VM operation: HandshakeAllThreads (Deoptimize)
Event: 32.043 Executing VM operation: HandshakeAllThreads (Deoptimize) done
Event: 32.083 Executing VM operation: ICBufferFull
Event: 32.083 Executing VM operation: ICBufferFull done
Event: 32.202 Executing VM operation: HandshakeAllThreads (Deoptimize)
Event: 32.203 Executing VM operation: HandshakeAllThreads (Deoptimize) done
Event: 32.354 Executing VM operation: HandshakeAllThreads (Deoptimize)
Event: 32.354 Executing VM operation: HandshakeAllThreads (Deoptimize) done
Event: 33.367 Executing VM operation: Cleanup
Event: 33.368 Executing VM operation: Cleanup done
Event: 34.658 Executing VM operation: G1TryInitiateConcMark (G1 Humongous Allocation)
Event: 34.665 Executing VM operation: G1TryInitiateConcMark (G1 Humongous Allocation) done
Event: 34.723 Executing VM operation: G1PauseRemark

Events (20 events):
Event: 35.735 Thread 0x0000019df9c22c50 flushing nmethod 0x0000019de4859d90
Event: 35.735 Thread 0x0000019df9c22c50 flushing nmethod 0x0000019de4a2d110
Event: 35.735 Thread 0x0000019df9c22c50 flushing nmethod 0x0000019de4a2eb10
Event: 35.735 Thread 0x0000019df9c22c50 flushing nmethod 0x0000019de4b3e210
Event: 35.735 Thread 0x0000019df9c22c50 flushing nmethod 0x0000019de4b8d690
Event: 35.735 Thread 0x0000019df9c22c50 flushing nmethod 0x0000019de4b8f710
Event: 35.735 Thread 0x0000019df9c22c50 flushing nmethod 0x0000019de4b8fb90
Event: 35.736 Thread 0x0000019df9c22c50 flushing nmethod 0x0000019de4c2d510
Event: 35.736 Thread 0x0000019df9c22c50 flushing nmethod 0x0000019de4d0ca90
Event: 35.736 Thread 0x0000019df9c22c50 flushing nmethod 0x0000019de4dbc810
Event: 35.736 Thread 0x0000019df9c22c50 flushing nmethod 0x0000019de4ebf010
Event: 35.736 Thread 0x0000019df9c22c50 flushing nmethod 0x0000019de4ec0410
Event: 35.736 Thread 0x0000019df9c22c50 flushing nmethod 0x0000019de4ec1a90
Event: 35.736 Thread 0x0000019df9c22c50 flushing nmethod 0x0000019de4ec2290
Event: 35.736 Thread 0x0000019df9c22c50 flushing nmethod 0x0000019de578b410
Event: 35.736 Thread 0x0000019df9c22c50 flushing nmethod 0x0000019de5e2d210
Event: 35.736 Thread 0x0000019df9c22c50 flushing nmethod 0x0000019de5e2d990
Event: 35.736 Thread 0x0000019df9c22c50 flushing nmethod 0x0000019de5e3bd10
Event: 35.736 Thread 0x0000019df9c22c50 flushing nmethod 0x0000019dec1b4310
Event: 35.736 Thread 0x0000019df9c22c50 flushing nmethod 0x0000019dec391a10


Dynamic libraries:
0x00007ff6489e0000 - 0x00007ff6489f0000 	C:\Program Files\Java\jdk-21\bin\java.exe
0x00007ffc4de80000 - 0x00007ffc4e0e8000 	C:\WINDOWS\SYSTEM32\ntdll.dll
0x00007ffc4cf20000 - 0x00007ffc4cfe9000 	C:\WINDOWS\System32\KERNEL32.DLL
0x00007ffc4b2c0000 - 0x00007ffc4b6b1000 	C:\WINDOWS\System32\KERNELBASE.dll
0x00007ffc47a60000 - 0x00007ffc47afe000 	C:\WINDOWS\SYSTEM32\apphelp.dll
0x00007ffc4b8f0000 - 0x00007ffc4ba3b000 	C:\WINDOWS\System32\ucrtbase.dll
0x00007ffc12990000 - 0x00007ffc129ab000 	C:\Program Files\Java\jdk-21\bin\VCRUNTIME140.dll
0x00007ffc246d0000 - 0x00007ffc246e9000 	C:\Program Files\Java\jdk-21\bin\jli.dll
0x00007ffc4cff0000 - 0x00007ffc4d0a4000 	C:\WINDOWS\System32\ADVAPI32.dll
0x00007ffc4d8b0000 - 0x00007ffc4d959000 	C:\WINDOWS\System32\msvcrt.dll
0x00007ffc4d800000 - 0x00007ffc4d8a6000 	C:\WINDOWS\System32\sechost.dll
0x00007ffc4dd20000 - 0x00007ffc4de38000 	C:\WINDOWS\System32\RPCRT4.dll
0x00007ffc4d960000 - 0x00007ffc4db26000 	C:\WINDOWS\System32\USER32.dll
0x00007ffc35110000 - 0x00007ffc353a3000 	C:\WINDOWS\WinSxS\amd64_microsoft.windows.common-controls_6595b64144ccf1df_6.0.26100.7824_none_3e0870b2e3345462\COMCTL32.dll
0x00007ffc4b290000 - 0x00007ffc4b2b7000 	C:\WINDOWS\System32\win32u.dll
0x00007ffc4d2e0000 - 0x00007ffc4d30b000 	C:\WINDOWS\System32\GDI32.dll
0x00007ffc4baf0000 - 0x00007ffc4bc1b000 	C:\WINDOWS\System32\gdi32full.dll
0x00007ffc4a8e0000 - 0x00007ffc4a983000 	C:\WINDOWS\System32\msvcp_win.dll
0x00007ffc3dce0000 - 0x00007ffc3dceb000 	C:\WINDOWS\SYSTEM32\VERSION.dll
0x00007ffc4bca0000 - 0x00007ffc4bcd1000 	C:\WINDOWS\System32\IMM32.DLL
0x00007ffc3bdf0000 - 0x00007ffc3bdfc000 	C:\Program Files\Java\jdk-21\bin\vcruntime140_1.dll
0x00007ffbf59a0000 - 0x00007ffbf5a2e000 	C:\Program Files\Java\jdk-21\bin\msvcp140.dll
0x00007ffb9e4e0000 - 0x00007ffb9f1fd000 	C:\Program Files\Java\jdk-21\bin\server\jvm.dll
0x00007ffc4d260000 - 0x00007ffc4d2d4000 	C:\WINDOWS\System32\WS2_32.dll
0x00007ffc4a5c0000 - 0x00007ffc4a61e000 	C:\WINDOWS\SYSTEM32\POWRPROF.dll
0x00007ffc3f1a0000 - 0x00007ffc3f1d5000 	C:\WINDOWS\SYSTEM32\WINMM.dll
0x00007ffc4a5a0000 - 0x00007ffc4a5b4000 	C:\WINDOWS\SYSTEM32\UMPDC.dll
0x00007ffc49500000 - 0x00007ffc4951b000 	C:\WINDOWS\SYSTEM32\kernel.appcore.dll
0x00007ffc3b470000 - 0x00007ffc3b47a000 	C:\Program Files\Java\jdk-21\bin\jimage.dll
0x00007ffc48490000 - 0x00007ffc486d2000 	C:\WINDOWS\SYSTEM32\DBGHELP.DLL
0x00007ffc4be80000 - 0x00007ffc4c206000 	C:\WINDOWS\System32\combase.dll
0x00007ffc4bce0000 - 0x00007ffc4bdb7000 	C:\WINDOWS\System32\OLEAUT32.dll
0x00007ffc30980000 - 0x00007ffc309bb000 	C:\WINDOWS\SYSTEM32\dbgcore.DLL
0x00007ffc4ba40000 - 0x00007ffc4bae5000 	C:\WINDOWS\System32\bcryptPrimitives.dll
0x00007ffc25dc0000 - 0x00007ffc25dcf000 	C:\Program Files\Java\jdk-21\bin\instrument.dll
0x00007ffc0fdc0000 - 0x00007ffc0fddf000 	C:\Program Files\Java\jdk-21\bin\java.dll
0x00007ffc4c790000 - 0x00007ffc4cee2000 	C:\WINDOWS\System32\SHELL32.dll
0x00007ffc4b780000 - 0x00007ffc4b8ea000 	C:\WINDOWS\System32\wintypes.dll
0x00007ffc4a990000 - 0x00007ffc4b1f3000 	C:\WINDOWS\System32\windows.storage.dll
0x00007ffc4d0b0000 - 0x00007ffc4d1a6000 	C:\WINDOWS\System32\SHCORE.dll
0x00007ffc4bc20000 - 0x00007ffc4bc87000 	C:\WINDOWS\System32\shlwapi.dll
0x00007ffc4a680000 - 0x00007ffc4a6a9000 	C:\WINDOWS\SYSTEM32\profapi.dll
0x00007ffbf58c0000 - 0x00007ffbf5997000 	C:\Program Files\Java\jdk-21\bin\jsvml.dll
0x00007ffc04650000 - 0x00007ffc04668000 	C:\Program Files\Java\jdk-21\bin\zip.dll
0x00007ffc34e50000 - 0x00007ffc34e60000 	C:\Program Files\Java\jdk-21\bin\net.dll
0x00007ffc44f40000 - 0x00007ffc45067000 	C:\WINDOWS\SYSTEM32\WINHTTP.dll
0x00007ffc49a70000 - 0x00007ffc49adb000 	C:\WINDOWS\system32\mswsock.dll
0x00007ffc04710000 - 0x00007ffc04726000 	C:\Program Files\Java\jdk-21\bin\nio.dll
0x00007ffc33bb0000 - 0x00007ffc33bc0000 	C:\Program Files\Java\jdk-21\bin\verify.dll
0x00007ffc3e640000 - 0x00007ffc3e667000 	C:\Users\9048i\.gradle\native\c067742578af261105cb4f569cf0c3c89f3d7b1fecec35dd04571415982c5e48\windows-amd64\native-platform.dll
0x00007ffbb1710000 - 0x00007ffbb1854000 	C:\Users\9048i\.gradle\native\38dada09dfb8b06ba9b0570ebf7e218e3eb74d4ef43ca46872605cf95ebc2f47\windows-amd64\native-platform-file-events.dll
0x00007ffc34760000 - 0x00007ffc3476a000 	C:\Program Files\Java\jdk-21\bin\management.dll
0x00007ffc34750000 - 0x00007ffc3475b000 	C:\Program Files\Java\jdk-21\bin\management_ext.dll
0x00007ffc4c6f0000 - 0x00007ffc4c6f8000 	C:\WINDOWS\System32\PSAPI.DLL
0x00007ffc49d40000 - 0x00007ffc49d5b000 	C:\WINDOWS\SYSTEM32\CRYPTSP.dll
0x00007ffc49460000 - 0x00007ffc49499000 	C:\WINDOWS\system32\rsaenh.dll
0x00007ffc49b20000 - 0x00007ffc49b4b000 	C:\WINDOWS\SYSTEM32\USERENV.dll
0x00007ffc4a650000 - 0x00007ffc4a67a000 	C:\WINDOWS\SYSTEM32\bcrypt.dll
0x00007ffc49d60000 - 0x00007ffc49d6c000 	C:\WINDOWS\SYSTEM32\CRYPTBASE.dll
0x00007ffc48f80000 - 0x00007ffc48fb4000 	C:\WINDOWS\SYSTEM32\IPHLPAPI.DLL
0x00007ffc4bc90000 - 0x00007ffc4bc9a000 	C:\WINDOWS\System32\NSI.dll
0x00007ffc34740000 - 0x00007ffc34749000 	C:\Program Files\Java\jdk-21\bin\extnet.dll
0x00007ffc21380000 - 0x00007ffc2138e000 	C:\Program Files\Java\jdk-21\bin\sunmscapi.dll
0x00007ffc4a760000 - 0x00007ffc4a8d7000 	C:\WINDOWS\System32\CRYPT32.dll
0x00007ffc49f60000 - 0x00007ffc49f90000 	C:\WINDOWS\SYSTEM32\ncrypt.dll
0x00007ffc49f10000 - 0x00007ffc49f4f000 	C:\WINDOWS\SYSTEM32\NTASN1.dll
0x00007ffc2f020000 - 0x00007ffc2f028000 	C:\WINDOWS\system32\wshunix.dll
0x00007ffc49620000 - 0x00007ffc49656000 	C:\WINDOWS\SYSTEM32\ntmarta.dll

dbghelp: loaded successfully - version: 4.0.5 - missing functions: none
symbol engine: initialized successfully - sym options: 0x614 - pdb path: .;C:\Program Files\Java\jdk-21\bin;C:\WINDOWS\SYSTEM32;C:\WINDOWS\WinSxS\amd64_microsoft.windows.common-controls_6595b64144ccf1df_6.0.26100.7824_none_3e0870b2e3345462;C:\Program Files\Java\jdk-21\bin\server;C:\Users\9048i\.gradle\native\c067742578af261105cb4f569cf0c3c89f3d7b1fecec35dd04571415982c5e48\windows-amd64;C:\Users\9048i\.gradle\native\38dada09dfb8b06ba9b0570ebf7e218e3eb74d4ef43ca46872605cf95ebc2f47\windows-amd64

VM Arguments:
jvm_args: --add-opens=java.base/java.util=ALL-UNNAMED --add-opens=java.base/java.lang=ALL-UNNAMED --add-opens=java.base/java.lang.invoke=ALL-UNNAMED --add-opens=java.prefs/java.util.prefs=ALL-UNNAMED --add-opens=java.base/java.nio.charset=ALL-UNNAMED --add-opens=java.base/java.net=ALL-UNNAMED --add-opens=java.base/java.util.concurrent.atomic=ALL-UNNAMED -Xmx2048m -Dfile.encoding=UTF-8 -Duser.country=IN -Duser.language=en -Duser.variant -javaagent:C:\Users\9048i\.gradle\wrapper\dists\gradle-8.7-bin\bhs2wmbdwecv87pi65oeuq5iu\gradle-8.7\lib\agents\gradle-instrumentation-agent-8.7.jar 
java_command: org.gradle.launcher.daemon.bootstrap.GradleDaemon 8.7
java_class_path (initial): C:\Users\9048i\.gradle\wrapper\dists\gradle-8.7-bin\bhs2wmbdwecv87pi65oeuq5iu\gradle-8.7\lib\gradle-launcher-8.7.jar
Launcher Type: SUN_STANDARD

[Global flags]
     intx CICompilerCount                          = 12                                        {product} {ergonomic}
     uint ConcGCThreads                            = 3                                         {product} {ergonomic}
     uint G1ConcRefinementThreads                  = 13                                        {product} {ergonomic}
   size_t G1HeapRegionSize                         = 1048576                                   {product} {ergonomic}
    uintx GCDrainStackTargetSize                   = 64                                        {product} {ergonomic}
   size_t InitialHeapSize                          = 121634816                                 {product} {ergonomic}
   size_t MarkStackSize                            = 4194304                                   {product} {ergonomic}
   size_t MaxHeapSize                              = 2147483648                                {product} {command line}
   size_t MaxNewSize                               = 1287651328                                {product} {ergonomic}
   size_t MinHeapDeltaBytes                        = 1048576                                   {product} {ergonomic}
   size_t MinHeapSize                              = 8388608                                   {product} {ergonomic}
    uintx NonNMethodCodeHeapSize                   = 7602480                                {pd product} {ergonomic}
    uintx NonProfiledCodeHeapSize                  = 122027880                              {pd product} {ergonomic}
    uintx ProfiledCodeHeapSize                     = 122027880                              {pd product} {ergonomic}
    uintx ReservedCodeCacheSize                    = 251658240                              {pd product} {ergonomic}
     bool SegmentedCodeCache                       = true                                      {product} {ergonomic}
   size_t SoftMaxHeapSize                          = 2147483648                             {manageable} {ergonomic}
     bool UseCompressedOops                        = true                           {product lp64_product} {ergonomic}
     bool UseG1GC                                  = true                                      {product} {ergonomic}
     bool UseLargePagesIndividualAllocation        = false                                  {pd product} {ergonomic}

Logging:
Log output configuration:
 #0: stdout all=warning uptime,level,tags foldmultilines=false
 #1: stderr all=off uptime,level,tags foldmultilines=false

Environment Variables:
PATH=C:\Program Files\Google\Chrome\Application;C:\Program Files\Common Files\Oracle\Java\javapath;C:\Windows\system32;C:\Windows;C:\Windows\System32\Wbem;C:\Windows\System32\WindowsPowerShell\v1.0\;C:\Windows\System32\OpenSSH\;C:\Program Files (x86)\NVIDIA Corporation\PhysX\Common;C:\Program Files\Microsoft VS Code\bin;C:\ProgramData\chocolatey\bin;C:\Program Files\flutter\bin;C:\Program Files\NVIDIA Corporation\NVIDIA app\NvDLISR;C:\WINDOWS\system32;C:\WINDOWS;C:\WINDOWS\System32\Wbem;C:\WINDOWS\System32\WindowsPowerShell\v1.0\;C:\WINDOWS\System32\OpenSSH\;C:\Program Files\nodejs\;C:\Program Files\GitHub CLI\;C:\Program Files\Git\bin;C:\Users\9048i\AppData\Local\Programs\Python\Launcher\;C:\Program Files\MySQL\MySQL Shell 8.0\bin\;C:\Users\9048i\AppData\Local\Microsoft\WindowsApps;C:\Users\9048i\AppData\Local\Microsoft\WinGet\Packages\Schniz.fnm_Microsoft.Winget.Source_8wekyb3d8bbwe;C:\Program Files\flutter\bin;C:\Program Files\mongosh\;C:\Users\9048i\AppData\Roaming\npm;C:\Users\9048i\OneDrive\Desktop\Suman\PyCharm 2025.3.1.1\bin
USERNAME=9048i
OS=Windows_NT
PROCESSOR_IDENTIFIER=AMD64 Family 25 Model 68 Stepping 1, AuthenticAMD
TMP=C:\Users\9048i\AppData\Local\Temp
TEMP=C:\Users\9048i\AppData\Local\Temp




Periodic native trim disabled

---------------  S Y S T E M  ---------------

OS:
 Windows 11 , 64 bit Build 26100 (10.0.26100.7705)
OS uptime: 0 days 10:26 hours
Hyper-V role detected

CPU: total 16 (initial active 16) (16 cores per cpu, 2 threads per core) family 25 model 68 stepping 1 microcode 0xa404107, cx8, cmov, fxsr, ht, mmx, 3dnowpref, sse, sse2, sse3, ssse3, sse4a, sse4.1, sse4.2, popcnt, lzcnt, tsc, tscinvbit, avx, avx2, aes, erms, clmul, bmi1, bmi2, adx, sha, fma, vzeroupper, clflush, clflushopt, hv, rdtscp, rdpid, fsrm, f16c, cet_ss
Processor Information for all 16 processors :
  Max Mhz: 3201, Current Mhz: 3201, Mhz Limit: 3201

Memory: 4k page, system-wide physical 7365M (468M free)
TotalPageFile size 29893M (AvailPageFile size 3M)
current process WorkingSet (physical memory assigned to process): 536M, peak: 560M
current process commit charge ("private bytes"): 754M, peak: 754M

vm_info: Java HotSpot(TM) 64-Bit Server VM (21.0.9+7-LTS-338) for windows-amd64 JRE (21.0.9+7-LTS-338), built on 2025-09-26T06:33:49Z by "mach5run" with MS VC++ 17.6 (VS2022)

END.
